,0
0,S1
1,S1
2,S1
3,S1
4,S1
5,S1
6,S1
7,S1
8,S1
9,S1
10,S10
11,S10
12,S10
13,S10
14,S10
15,S10
16,S10
17,S10
18,S10
19,S10
20,S1001
21,S1001
22,S1001
23,S1001
24,S1001
25,S1001
26,S1001
27,S1001
28,S1001
29,S1001
30,S1002
31,S1002
32,S1002
33,S1002
34,S1002
35,S1002
36,S1002
37,S1002
38,S1002
39,S1002
40,S1003
41,S1003
42,S1003
43,S1003
44,S1003
45,S1003
46,S1003
47,S1003
48,S1003
49,S1003
50,S1004
51,S1004
52,S1004
53,S1004
54,S1004
55,S1004
56,S1004
57,S1004
58,S1004
59,S1004
60,S1005
61,S1005
62,S1005
63,S1005
64,S1005
65,S1005
66,S1005
67,S1005
68,S1005
69,S1005
70,S1006
71,S1006
72,S1006
73,S1006
74,S1006
75,S1006
76,S1006
77,S1006
78,S1006
79,S1006
80,S1007
81,S1007
82,S1007
83,S1007
84,S1007
85,S1007
86,S1007
87,S1007
88,S1007
89,S1007
90,S1009
91,S1009
92,S1009
93,S1009
94,S1009
95,S1009
96,S1009
97,S1009
98,S1009
99,S1009
100,S1010
101,S1010
102,S1010
103,S1010
104,S1010
105,S1010
106,S1010
107,S1010
108,S1010
109,S1010
110,S1011
111,S1011
112,S1011
113,S1011
114,S1011
115,S1011
116,S1011
117,S1011
118,S1011
119,S1011
120,S1012
121,S1012
122,S1012
123,S1012
124,S1012
125,S1012
126,S1012
127,S1012
128,S1012
129,S1012
130,S1013
131,S1013
132,S1013
133,S1013
134,S1013
135,S1013
136,S1013
137,S1013
138,S1013
139,S1013
140,S1014
141,S1014
142,S1014
143,S1014
144,S1014
145,S1014
146,S1014
147,S1014
148,S1014
149,S1014
150,S1015
151,S1015
152,S1015
153,S1015
154,S1015
155,S1015
156,S1015
157,S1015
158,S1015
159,S1015
160,S1016
161,S1016
162,S1016
163,S1016
164,S1016
165,S1016
166,S1016
167,S1016
168,S1016
169,S1016
170,S1017
171,S1017
172,S1017
173,S1017
174,S1017
175,S1017
176,S1017
177,S1017
178,S1017
179,S1017
180,S1018
181,S1018
182,S1018
183,S1018
184,S1018
185,S1018
186,S1018
187,S1018
188,S1018
189,S1018
190,S1019
191,S1019
192,S1019
193,S1019
194,S1019
195,S1019
196,S1019
197,S1019
198,S1019
199,S1019
200,S1020
201,S1020
202,S1020
203,S1020
204,S1020
205,S1020
206,S1020
207,S1020
208,S1020
209,S1020
210,S1021
211,S1021
212,S1021
213,S1021
214,S1021
215,S1021
216,S1021
217,S1021
218,S1021
219,S1021
220,S1022
221,S1022
222,S1022
223,S1022
224,S1022
225,S1022
226,S1022
227,S1022
228,S1022
229,S1022
230,S1023
231,S1023
232,S1023
233,S1023
234,S1023
235,S1023
236,S1023
237,S1023
238,S1023
239,S1023
240,S1024
241,S1024
242,S1024
243,S1024
244,S1024
245,S1024
246,S1024
247,S1024
248,S1024
249,S1024
250,S1025
251,S1025
252,S1025
253,S1025
254,S1025
255,S1025
256,S1025
257,S1025
258,S1025
259,S1025
260,S1026
261,S1026
262,S1026
263,S1026
264,S1026
265,S1026
266,S1026
267,S1026
268,S1026
269,S1026
270,S1027
271,S1027
272,S1027
273,S1027
274,S1027
275,S1027
276,S1027
277,S1027
278,S1027
279,S1027
280,S1028
281,S1028
282,S1028
283,S1028
284,S1028
285,S1028
286,S1028
287,S1028
288,S1028
289,S1028
290,S1029
291,S1029
292,S1029
293,S1029
294,S1029
295,S1029
296,S1029
297,S1029
298,S1029
299,S1029
300,S1030
301,S1030
302,S1030
303,S1030
304,S1030
305,S1030
306,S1030
307,S1030
308,S1030
309,S1030
310,S1031
311,S1031
312,S1031
313,S1031
314,S1031
315,S1031
316,S1031
317,S1031
318,S1031
319,S1031
320,S1032
321,S1032
322,S1032
323,S1032
324,S1032
325,S1032
326,S1032
327,S1032
328,S1032
329,S1032
330,S1033
331,S1033
332,S1033
333,S1033
334,S1033
335,S1033
336,S1033
337,S1033
338,S1033
339,S1033
340,S1034
341,S1034
342,S1034
343,S1034
344,S1034
345,S1034
346,S1034
347,S1034
348,S1034
349,S1034
350,S1035
351,S1035
352,S1035
353,S1035
354,S1035
355,S1035
356,S1035
357,S1035
358,S1035
359,S1035
360,S1036
361,S1036
362,S1036
363,S1036
364,S1036
365,S1036
366,S1036
367,S1036
368,S1036
369,S1036
370,S1037
371,S1037
372,S1037
373,S1037
374,S1037
375,S1037
376,S1037
377,S1037
378,S1037
379,S1037
380,S1038
381,S1038
382,S1038
383,S1038
384,S1038
385,S1038
386,S1038
387,S1038
388,S1038
389,S1038
390,S1039
391,S1039
392,S1039
393,S1039
394,S1039
395,S1039
396,S1039
397,S1039
398,S1039
399,S1039
400,S1040
401,S1040
402,S1040
403,S1040
404,S1040
405,S1040
406,S1040
407,S1040
408,S1040
409,S1040
410,S1041
411,S1041
412,S1041
413,S1041
414,S1041
415,S1041
416,S1041
417,S1041
418,S1041
419,S1041
420,S1042
421,S1042
422,S1042
423,S1042
424,S1042
425,S1042
426,S1042
427,S1042
428,S1042
429,S1042
430,S1043
431,S1043
432,S1043
433,S1043
434,S1043
435,S1043
436,S1043
437,S1043
438,S1043
439,S1043
440,S1044
441,S1044
442,S1044
443,S1044
444,S1044
445,S1044
446,S1044
447,S1044
448,S1044
449,S1044
450,S1045
451,S1045
452,S1045
453,S1045
454,S1045
455,S1045
456,S1045
457,S1045
458,S1045
459,S1045
460,S1046
461,S1046
462,S1046
463,S1046
464,S1046
465,S1046
466,S1046
467,S1046
468,S1046
469,S1046
470,S1047
471,S1047
472,S1047
473,S1047
474,S1047
475,S1047
476,S1047
477,S1047
478,S1047
479,S1047
480,S11
481,S11
482,S11
483,S11
484,S11
485,S11
486,S11
487,S11
488,S11
489,S11
490,S12
491,S12
492,S12
493,S12
494,S12
495,S12
496,S12
497,S12
498,S12
499,S12
500,S13
501,S13
502,S13
503,S13
504,S13
505,S13
506,S13
507,S13
508,S13
509,S13
510,S14
511,S14
512,S14
513,S14
514,S14
515,S14
516,S14
517,S14
518,S14
519,S14
520,S15
521,S15
522,S15
523,S15
524,S15
525,S15
526,S15
527,S15
528,S15
529,S15
530,S16
531,S16
532,S16
533,S16
534,S16
535,S16
536,S16
537,S16
538,S16
539,S16
540,S17
541,S17
542,S17
543,S17
544,S17
545,S17
546,S17
547,S17
548,S17
549,S17
550,S18
551,S18
552,S18
553,S18
554,S18
555,S18
556,S18
557,S18
558,S18
559,S18
560,S19
561,S19
562,S19
563,S19
564,S19
565,S19
566,S19
567,S19
568,S19
569,S19
570,S2
571,S2
572,S2
573,S2
574,S2
575,S2
576,S2
577,S2
578,S2
579,S2
580,S20
581,S20
582,S20
583,S20
584,S20
585,S20
586,S20
587,S20
588,S20
589,S20
590,S21
591,S21
592,S21
593,S21
594,S21
595,S21
596,S21
597,S21
598,S21
599,S21
600,S3
601,S3
602,S3
603,S3
604,S3
605,S3
606,S3
607,S3
608,S3
609,S3
610,S4
611,S4
612,S4
613,S4
614,S4
615,S4
616,S4
617,S4
618,S4
619,S4
620,S5
621,S5
622,S5
623,S5
624,S5
625,S5
626,S5
627,S5
628,S5
629,S5
630,S6
631,S6
632,S6
633,S6
634,S6
635,S6
636,S6
637,S6
638,S6
639,S6
640,S7
641,S7
642,S7
643,S7
644,S7
645,S7
646,S7
647,S7
648,S7
649,S7
650,S8
651,S8
652,S8
653,S8
654,S8
655,S8
656,S8
657,S8
658,S8
659,S8
660,S9
661,S9
662,S9
663,S9
664,S9
665,S9
666,S9
667,S9
668,S9
669,S9
