"id","block","x","x0.4.hz","x4.8.hz","x8.12.hz","trial"
744,"Second",0,9.93918377371839,0.222702143218764,0.0721093403818459,1
744,"Second",1,11.2241012973046,0.241013925622875,0.147731138016633,10
744,"Second",2,15.6538806126678,0.445572247266417,0.119445136234895,2
744,"Second",3,8.36971859303428,0.237293460326427,0.121195207159205,3
744,"Second",4,12.964066136811,0.28134643876392,0.104173514041413,4
744,"Second",5,5.51469203030068,0.138792779238081,0.0338570534025131,5
744,"Second",6,9.74272231484791,0.163024005484503,0.0696340618172529,6
744,"Second",7,9.93279532956745,0.15200833932173,0.0793350525860995,7
744,"Second",8,9.97086432840698,0.168125949788651,0.069310647404023,8
744,"Second",9,4.33509883569527,0.0719879767432821,0.0400346642190657,9
637,"First",10,11.2827517929022,0.0976409595779818,0.0360445573411653,1
637,"First",11,7.34872532293329,0.0507777313129435,0.0168459535880587,10
637,"First",12,11.0115953291697,0.0718776035539516,0.0238295505093194,2
637,"First",13,9.62543119322113,0.0787896258781069,0.0256666731789236,3
637,"First",14,5.90449968740154,0.026610307787069,0.00789669531400308,4
637,"First",15,8.38535430773208,0.057437910595633,0.0213178584549218,5
637,"First",16,6.19416323773846,0.162087318235474,0.0319817803816079,6
637,"First",17,7.97346422837992,0.0784955018471631,0.0265195430017123,7
637,"First",18,9.57694104158597,0.169571048106288,0.0466187061243434,8
637,"First",19,7.10174283764541,0.0798433279763708,0.014679944519143,9
438,"Second",20,9.29406787903518,0.6157901024029,0.292707280581175,1
438,"Second",21,4.51431568416146,0.15123763546022,0.122619247686765,10
438,"Second",22,3.92966990741626,0.1340647980413,0.05815287939754,2
438,"Second",23,4.38934952931486,0.0786374297484235,0.0567333555542794,3
438,"Second",24,4.06028863570633,0.111757096886048,0.0421771209661973,4
438,"Second",25,9.47086609532994,0.193952476721903,0.148160612261178,5
438,"Second",26,9.85701578896985,0.0273823653416266,0.0156167780907142,6
438,"Second",27,11.4589905902723,0.0993681678266928,0.0399653265716265,7
438,"Second",28,9.44609103054386,0.378718782424925,0.170865759193559,8
438,"Second",29,9.22736553151291,0.279350757001692,0.144532593311341,9
821,"First",30,9.88561056843892,0.159834454624358,0.190290203791098,1
821,"First",31,5.20456883518792,0.0826645707671484,0.0316872997692213,10
821,"First",32,4.87501916665543,0.109805860419187,0.0319560290795177,2
821,"First",33,12.7865624499312,0.304048161547166,0.55346450788509,3
821,"First",34,7.09568229913733,0.139311373160938,0.0987200248833966,4
821,"First",35,6.29399719742213,0.0712412767043847,0.0358187871227981,5
821,"First",36,3.30439255910908,0.0596624045660889,0.0248543438976556,6
821,"First",37,3.68322000547213,0.0259093302477502,0.026285705912127,7
821,"First",38,6.49361947503782,0.158535900728482,0.0630840390344753,8
821,"First",39,5.32844397017285,0.126708427766547,0.0582087265933608,9
239,"Second",40,3.0305101241935,0.0287155838694173,0.009050038470873,1
239,"Second",41,4.28846176216607,0.0708683249789955,0.0278461712921238,10
239,"Second",42,7.4581735048582,0.0781272125100142,0.0374380606382627,2
239,"Second",43,2.47475988515319,0.0233979267708959,0.00834612086227991,3
239,"Second",44,5.6901620806654,0.0529036426875887,0.0178826848692213,4
239,"Second",45,3.27905144532779,0.0600134088363226,0.0212283106414807,5
239,"Second",46,1.7585506182744,0.0232588546380532,0.00783823400811658,6
239,"Second",47,5.0258395842699,0.0541059268620509,0.0176314478665595,7
239,"Second",48,3.07588845174898,0.0199088785035963,0.00872258992454477,8
239,"Second",49,5.23142527963448,0.0739024151313843,0.0181866783172597,9
175,"First",50,9.58449632580016,0.345580789283448,0.442147601927262,1
175,"First",51,4.28057751383926,0.125710075819427,0.17860200250697,10
175,"First",52,6.88575363149323,0.208844413977173,0.357387464473355,2
175,"First",53,5.41930860259772,0.124404380520935,0.203033389268127,3
175,"First",54,8.42173149308319,0.116162326142777,0.056222701288208,4
175,"First",55,5.32270083187429,0.0822961826333846,0.0772077910073346,5
175,"First",56,3.71359227980202,0.058306873350647,0.0956564867020397,6
175,"First",57,7.52580261002621,0.279592081028731,0.431003034806844,7
175,"First",58,2.35548712540182,0.0609493613037097,0.0832587431018718,8
175,"First",59,9.98334413186862,0.0879668326515634,0.16284908111882,9
962,"Second",60,3.360618014513,0.0252681934871622,0.0130623133973719,1
962,"Second",61,4.37751495901356,0.0400981527900458,0.0304989353841793,10
962,"Second",62,2.40848844210394,0.0157421438803618,0.0101169402226196,2
962,"Second",63,5.14543048929579,0.0454753252370225,0.0591392525355222,3
962,"Second",64,3.03130301196485,0.0292157882925234,0.0171078312025261,4
962,"Second",65,5.78893582201565,0.0735973243414294,0.0409029620064142,5
962,"Second",66,2.89401067210966,0.0254557101622367,0.0150533933752629,6
962,"Second",67,5.73904814367877,0.0466363816948587,0.0275325677468871,7
962,"Second",68,3.89999575034006,0.0246459214173198,0.0123877030148907,8
962,"Second",69,5.70877525878151,0.0162268288227179,0.00949593572054557,9
831,"First",70,6.41724957367998,0.0859912719279876,0.0213882871320125,1
831,"First",71,3.2362461761779,0.0268363677718772,0.00947435238106615,10
831,"First",72,8.08617209896982,0.128896150879142,0.0351130907167514,2
831,"First",73,8.21095871989056,0.178013405899707,0.0316597958240414,3
831,"First",74,5.5175504244781,0.0598265731991372,0.0156802518555337,4
831,"First",75,9.78743496812051,0.291672681992374,0.120925235297801,5
831,"First",76,3.78925931907779,0.0861554897617109,0.0304997537432611,6
831,"First",77,8.77687106108455,0.168665456495418,0.0575117212048905,7
831,"First",78,2.32894009464331,0.0470640458384091,0.015335319087609,8
831,"First",79,4.68126972422441,0.047944601695924,0.0171823531307061,9
161,"Second",80,9.47085331863466,0.445071712119767,0.324224440261503,1
161,"Second",81,7.44759821314646,0.152500588824985,0.12970423573248,10
161,"Second",82,4.05407866721231,0.027213129668384,0.0139375992909811,2
161,"Second",83,13.146340189169,0.331165586953755,0.167728267997313,3
161,"Second",84,9.07542208772018,0.184635051765573,0.108951637524696,4
161,"Second",85,6.54112755166881,0.227620964200231,0.151075311603138,5
161,"Second",86,7.21640620029781,0.300470918654095,0.217164870454195,6
161,"Second",87,6.4121652428439,0.091761650582617,0.0833810211897901,7
161,"Second",88,8.2882337383332,0.23846718974319,0.148209149910642,8
161,"Second",89,7.44448671906856,0.17071613552316,0.13983277583375,9
164,"Second",90,8.475201584183,0.47947493877158,0.520861519121891,1
164,"Second",91,7.12241443261124,0.283916781052836,0.187379589311694,10
164,"Second",92,8.83188054807983,0.559710485415036,0.333898698174734,2
164,"Second",93,7.34705833706039,0.678218994096313,0.419222691031201,3
164,"Second",94,5.95967251439159,0.184852938584099,0.138628507439568,4
164,"Second",95,7.10728950331784,0.190672525485112,0.0916910108907289,5
164,"Second",96,10.5523467685153,0.306827964025609,0.149042485649266,6
164,"Second",97,11.7968474205267,0.553417988417977,0.402699435468835,7
164,"Second",98,6.02912819268156,0.27308713746446,0.179602380553253,8
164,"Second",99,9.58760069211793,0.433179299287632,0.431934875768858,9
996,"First",100,9.91864783759054,0.369330690713996,0.0562523728588122,1
996,"First",101,7.74874263139597,0.180679015412783,0.0239684087585796,10
996,"First",102,8.30955621608653,0.104381178883229,0.0259799451514565,2
996,"First",103,8.09390590163869,0.148017674478712,0.0529046282971286,3
996,"First",104,7.31116962612455,0.0867907627149397,0.0164762836297992,4
996,"First",105,3.34474888853278,0.00876976902751418,0.002065361170873,5
996,"First",106,8.90694071589408,0.201687276862359,0.0487205404611419,6
996,"First",107,4.98184352194065,0.0421565045564014,0.00700866376862679,7
996,"First",108,10.119845396633,0.37990101819549,0.0473939767032506,8
996,"First",109,8.06916226435679,0.0490433481407726,0.00858348045981945,9
173,"Second",110,11.2208738441608,0.237446528332845,0.119560955099537,1
173,"Second",111,10.6237405316929,0.0710376039569503,0.0884193688702683,10
173,"Second",112,6.0062767626494,0.0565865315906953,0.0488045497668867,2
173,"Second",113,12.8810533850722,0.105835403539562,0.0666697826981131,3
173,"Second",114,8.909072428901,0.169081762154475,0.168484453602254,4
173,"Second",115,7.9282106964034,0.0578712868921907,0.065785045327602,5
173,"Second",116,10.5802940725393,0.105103055128086,0.124959124803456,6
173,"Second",117,6.78041317595845,0.124919975943992,0.147698171760106,7
173,"Second",118,11.4793235411039,0.107306665366008,0.114674859954142,8
173,"Second",119,3.06502470100474,0.0471445536312817,0.0617845883088113,9
214,"First",120,7.5336131874016,0.0484423681899582,0.0260125239708968,1
214,"First",121,10.9705307925878,0.240814304297907,1.23952014702881,10
214,"First",122,9.37998225318404,0.108922918207465,0.183597171906417,2
214,"First",123,4.46957153732462,0.0151135574635407,0.0185349359011596,3
214,"First",124,6.86304855320071,0.0843417541589743,0.440624543078521,4
214,"First",125,10.5361061370128,0.185764889446846,0.325211079357883,5
214,"First",126,7.03507971208133,0.23081711118847,0.42794655749053,6
214,"First",127,9.36132507582538,0.151741709259479,0.16761753762174,7
214,"First",128,12.7719177167283,0.211432147994213,0.86210866081453,8
214,"First",129,7.65720590051112,0.110457611271157,0.522467520522301,9
298,"Second",130,7.90774114009955,0.131727915892524,0.0661667299209447,1
298,"Second",131,7.57345439477372,0.0760220664296631,0.0489737487916289,10
298,"Second",132,8.35916542682916,0.107987464765213,0.0857088742745442,2
298,"Second",133,3.79388540562732,0.022135432904158,0.0153385453634216,3
298,"Second",134,5.2902523383776,0.0721839115280564,0.0366809987733208,4
298,"Second",135,3.47806403898528,0.0379975659499199,0.0337419475195454,5
298,"Second",136,2.74821490545437,0.0331541991321612,0.0172297474129324,6
298,"Second",137,3.48506730874876,0.0462908349658317,0.0179512733230111,7
298,"Second",138,2.46849189498526,0.0131979773059978,0.00913355930119055,8
298,"Second",139,6.06772240153933,0.063182510879969,0.0269329728454171,9
55,"First",140,6.31988557267699,0.0328205809925352,0.0141984314837739,1
55,"First",141,2.76053660228477,0.0193360220902705,0.0142858000961131,10
55,"First",142,4.33124099227445,0.042572707014894,0.0196042945115974,2
55,"First",143,5.13982049580821,0.0753179689491994,0.0367630904927774,3
55,"First",144,10.5032947574668,0.12475911531008,0.0641958228353056,4
55,"First",145,7.67673360192659,0.107541465112647,0.0711572658402746,5
55,"First",146,6.77505031080675,0.0751914489839602,0.0386523936476117,6
55,"First",147,6.30737567544563,0.0553420768276732,0.0477300072557186,7
55,"First",148,8.47056086944894,0.181782709227474,0.0967304665459968,8
55,"First",149,5.15411109027007,0.0606309378161318,0.0539859412236697,9
494,"Second",150,3.14352135354302,0.0359235472658663,0.0199008927631531,1
494,"Second",151,4.25139434351896,0.0260708668232059,0.0209018718314712,10
494,"Second",152,8.64201957124594,0.11685676145378,0.0720972951471658,2
494,"Second",153,7.60275689146566,0.163210860619409,0.159488117141286,3
494,"Second",154,12.2088022628346,0.303376377646368,0.171676941754415,4
494,"Second",155,9.87332066089674,0.124853387278172,0.0596442112345535,5
494,"Second",156,8.38958724296994,0.0696720820660538,0.0248759174842706,6
494,"Second",157,4.90953011346552,0.0769314422571043,0.0206630135983072,7
494,"Second",158,4.9431987809799,0.0222225105807501,0.00993554231510635,8
494,"Second",159,4.86531407956901,0.177260924230219,0.0465513666027536,9
989,"First",160,3.73067877712101,0.0466517317159774,0.0158162989360435,1
989,"First",161,5.75482206384578,0.016643221468829,0.00795307821192499,10
989,"First",162,4.49328882272223,0.0400060032198663,0.0138745837638898,2
989,"First",163,4.64117549404731,0.0391643554232856,0.0102949061641849,3
989,"First",164,5.83617007763524,0.0516593185907256,0.0214809208712744,4
989,"First",165,12.7332944236491,0.384186494874741,0.0750671342840496,5
989,"First",166,5.69032528635317,0.0469392148109825,0.015620618312628,6
989,"First",167,9.97353364367375,0.0874351647136295,0.069063207231428,7
989,"First",168,10.3118731059936,0.129783248455252,0.133920597986197,8
989,"First",169,6.39104481480447,0.173026861033591,0.233618241710611,9
217,"Second",170,8.53372440694753,0.109376075627044,0.0992674237498275,1
217,"Second",171,8.13971438641636,0.216343732514729,0.07058959784703,10
217,"Second",172,12.8411502108368,0.657226703768125,0.311722252099394,2
217,"Second",173,9.63512557945106,0.20413625116443,0.0747636753336194,3
217,"Second",174,4.7000310726924,0.107234190466478,0.0529565343613744,4
217,"Second",175,6.65877294404612,0.141888937508121,0.0708997578963026,5
217,"Second",176,8.01758857124428,0.210868830421233,0.0884462631782691,6
217,"Second",177,7.02471540486396,0.0852210114342949,0.04241823755124,7
217,"Second",178,6.54286622860124,0.192108112775289,0.0560178958758268,8
217,"Second",179,5.36681004270649,0.335689701762035,0.0788661141711228,9
362,"First",180,4.79409293776553,0.0735905930449797,0.0189990246741473,1
362,"First",181,5.85777986679664,0.151099102713359,0.0481458064947748,10
362,"First",182,6.44643339034061,0.198282112946926,0.0357010547891803,2
362,"First",183,7.51237535523068,0.0664069367779044,0.0221246224825449,3
362,"First",184,6.57420611984884,0.0805425692101519,0.0248910784434237,4
362,"First",185,7.25468064696756,0.0713747722300707,0.0133010485055984,5
362,"First",186,7.79409842648275,0.290039780500663,0.0263860919148926,6
362,"First",187,7.70631732184903,0.163842961912983,0.0457226692667854,7
362,"First",188,8.53905333142276,0.0869148309354602,0.0309697638120999,8
362,"First",189,9.56566375097494,0.256717120012453,0.0969376881798752,9
876,"Second",190,5.40007985401048,0.0603637681698371,0.0252432627787596,1
876,"Second",191,7.11438004391049,0.0605529521950898,0.0469645427307817,10
876,"Second",192,7.10624876970801,0.24168402064099,0.0712855696839081,2
876,"Second",193,5.79074023581525,0.0665320542324257,0.0247210225978356,3
876,"Second",194,6.42263441191168,0.0576082874806055,0.0361448693466241,4
876,"Second",195,6.69451129561168,0.064592627174492,0.0403343278781022,5
876,"Second",196,4.85510026879563,0.0453091843666215,0.0239973594916206,6
876,"Second",197,9.29467748528511,0.0734659028961162,0.0566988801362103,7
876,"Second",198,8.24483277806561,0.0819286768855442,0.064692624226442,8
876,"Second",199,2.27811683578085,0.018287005140749,0.00950624922925284,9
912,"First",200,6.73974624715303,0.172893783514062,0.0918912332267423,1
912,"First",201,8.71122199768187,0.178966449005556,0.263692996259178,10
912,"First",202,4.63423463757348,0.126743583772908,0.156155398456601,2
912,"First",203,10.6517823651795,0.320695990367938,0.402034258037088,3
912,"First",204,8.03829119476243,0.17468316228044,0.313593051698026,4
912,"First",205,10.5716282389092,0.311007106815985,0.488702322562509,5
912,"First",206,6.77540009633476,0.309134394549077,0.368020608799032,6
912,"First",207,11.509548228598,0.678896222113712,0.450365065389012,7
912,"First",208,9.64090478370996,0.281535689897583,0.26250850781019,8
912,"First",209,7.30327495501673,0.151535127621167,0.123831280657222,9
176,"Second",210,12.782607089496,0.210317694471012,0.0787220228439431,1
176,"Second",211,16.1211126409898,0.304904820197012,0.11876774797301,10
176,"Second",212,7.54521518828343,0.196984800432373,0.0480784186803707,2
176,"Second",213,8.24303815966384,0.112304009333548,0.0364383216731366,3
176,"Second",214,9.6944381345686,0.1565893204896,0.0916922711122249,4
176,"Second",215,3.48248206842419,0.0532012612700097,0.0224852475473311,5
176,"Second",216,5.77305600574909,0.0854084300315482,0.0296329112973612,6
176,"Second",217,8.42780450246531,0.160289418086048,0.0839805505859793,7
176,"Second",218,3.52986003034709,0.00645764526852025,0.00291420459035483,8
176,"Second",219,9.70203036082604,0.110720211371299,0.0591269577940138,9
53,"First",220,4.51095109932949,0.068830870577781,0.0129899139845402,1
53,"First",221,7.7179521332269,0.216886508606445,0.163239578422624,10
53,"First",222,4.23803828754243,0.0435088807740921,0.0175467801872238,2
53,"First",223,11.4234796951669,0.455039994657597,0.0676241744438469,3
53,"First",224,8.37885014167257,0.144179976865429,0.0388866635557642,4
53,"First",225,8.9844830010668,0.160581480733642,0.114556354325004,5
53,"First",226,11.5384783230076,0.35950590232822,0.401694528101195,6
53,"First",227,8.09083888259683,0.0777082423647418,0.055916778753978,7
53,"First",228,7.05131868943337,0.0663846723663926,0.0560535693275199,8
53,"First",229,4.93749676932721,0.0158880390824947,0.0175550237875465,9
259,"Second",230,4.20564147182465,0.0733821749633407,0.0339632107089137,1
259,"Second",231,6.79468943880993,0.144846554220538,0.0642905081525438,10
259,"Second",232,2.0231430976256,0.0230307941068606,0.00643231764549326,2
259,"Second",233,3.22342765449871,0.0410745805949187,0.011305513863376,3
259,"Second",234,3.92335889648347,0.0415266315876218,0.0137547326488369,4
259,"Second",235,8.93101287308164,0.05885888626498,0.0227082874042165,5
259,"Second",236,5.0007547094565,0.054746672035087,0.0137348493065906,6
259,"Second",237,2.92725435387087,0.0678340487954743,0.0219892690746402,7
259,"Second",238,3.65713814154644,0.0253197923185573,0.00723705542818241,8
259,"Second",239,8.68961926119444,0.109311321069073,0.0324041519378624,9
692,"First",240,9.81240191623918,0.0355166547433768,0.0108896470180957,1
692,"First",241,2.72336417300891,0.021240230625458,0.00833739175183835,10
692,"First",242,10.4812426478721,0.484743747865685,0.120054045639602,2
692,"First",243,5.34933704510243,0.0248039400472509,0.0107878674004925,3
692,"First",244,5.73897022548515,0.0717698677056397,0.0355598111763904,4
692,"First",245,8.66163787554866,0.0517688149377041,0.0191771033533756,5
692,"First",246,10.9856378719616,0.43889497680863,0.183938975686361,6
692,"First",247,2.69160946433344,0.0134546316104419,0.00688011293025912,7
692,"First",248,6.4037105060081,0.0403848494401167,0.0264080696865291,8
692,"First",249,2.48863602871428,0.0135370886904262,0.0051606726281609,9
103,"Second",250,4.50031713181564,0.046711800810716,0.0136163952364014,1
103,"Second",251,9.20482727875209,0.0909657632145093,0.0511665356667958,10
103,"Second",252,6.04393197526002,0.0306764742073264,0.0124367281629987,2
103,"Second",253,7.16050133609731,0.0217539015153876,0.0085599540212528,3
103,"Second",254,11.5616485107334,0.0571936663041431,0.0145486707909719,4
103,"Second",255,7.87145491270257,0.0225213537230192,0.00901313068959823,5
103,"Second",256,6.32976086044466,0.0229733919767737,0.0111136174476934,6
103,"Second",257,6.84050406832125,0.0167373258029277,0.0111001243481296,7
103,"Second",258,4.08871272507942,0.0297031711334704,0.0108538619368637,8
103,"Second",259,6.95367922301871,0.102923951317783,0.0224322902073018,9
281,"First",260,10.1946436312027,0.071191133999338,0.0182151813997998,1
281,"First",261,7.80978139416316,0.109477068401453,0.0491988772938306,10
281,"First",262,10.5337645934982,0.174046349143735,0.0834475607357668,2
281,"First",263,9.82475633958694,0.14687968583435,0.064596383233484,3
281,"First",264,11.8474128216734,0.21748415058378,0.0818176076749801,4
281,"First",265,17.1329352739299,0.1104257997659,0.0176316865703893,5
281,"First",266,8.92277356397209,0.253507979545716,0.117998653381578,6
281,"First",267,7.99885775607003,0.103420101263966,0.0385336797756901,7
281,"First",268,11.2951825689392,0.442567194622328,0.102891553331237,8
281,"First",269,8.45909086057159,0.0916993389761712,0.0467542395529465,9
90,"Second",270,3.76870506984221,0.363105595073179,0.418645502307158,1
90,"Second",271,9.29477594619922,0.225760889948401,0.43432325990457,10
90,"Second",272,11.2820421134199,0.203476623176064,0.0658415853850876,2
90,"Second",273,4.81188937462237,0.198619963932478,0.160700797227548,3
90,"Second",274,7.50912907655092,0.246078414497151,0.496438646463312,4
90,"Second",275,8.58170099386069,0.0422436910013968,0.0965014511561454,5
90,"Second",276,10.6232767126588,0.0742696663538512,0.0758628635954224,6
90,"Second",277,7.10885026792372,0.468270066019661,1.15387661532217,7
90,"Second",278,7.40198355651335,0.0505411248302093,0.0575332017803655,8
90,"Second",279,14.5370597548081,0.150825343165878,0.310953574386003,9
509,"First",280,4.32327026760988,0.0261289415972673,0.00759828019690548,1
509,"First",281,6.8319532158253,0.0843025387359976,0.0292778160590233,10
509,"First",282,9.34157904891907,0.218798752899172,0.0805603958155445,2
509,"First",283,6.64206674016048,0.117243499758234,0.0463180180872147,3
509,"First",284,6.38953437814923,0.132116678890909,0.0431527293639359,4
509,"First",285,11.7795739498132,0.299659660700697,0.0771997617260604,5
509,"First",286,11.2132682742243,0.331649901484814,0.0531999920654723,6
509,"First",287,8.99435642835649,0.147523015361453,0.0807942405591974,7
509,"First",288,11.01185894713,0.151117768968015,0.0854960142044633,8
509,"First",289,9.64964368772209,0.140865473289159,0.0497719417733624,9
535,"Second",290,7.23372395370445,0.204041119351439,0.0828975722829599,1
535,"Second",291,6.82206701235752,0.0997174056798019,0.0154187718064432,10
535,"Second",292,9.19820677160319,0.238036762269954,0.189721995161911,2
535,"Second",293,12.8733008987227,0.27068847966957,0.134613757473301,3
535,"Second",294,7.99806131681764,0.145549663952687,0.0537956447587101,4
535,"Second",295,12.91502038783,0.406273948006816,0.18890382754524,5
535,"Second",296,7.57021044204996,0.221156544431429,0.104687634093789,6
535,"Second",297,8.44073438440535,0.326013520635204,0.109486717869681,7
535,"Second",298,11.4575086110219,0.0876130036360366,0.0396274608909408,8
535,"Second",299,9.10601514325141,0.109670962894884,0.0274932772612007,9
867,"First",300,7.37664570765375,0.0285027330933267,0.00779654919256373,1
867,"First",301,10.768048336397,0.0556198523540589,0.015240428333562,10
867,"First",302,9.62369600348608,0.0657507667652196,0.0142302605088717,2
867,"First",303,8.99958952519739,0.0872218490083921,0.0323107516371895,3
867,"First",304,8.44355552982044,0.0538314170837185,0.0206314690039504,4
867,"First",305,5.62425821656083,0.0322448873272121,0.0066760070385439,5
867,"First",306,13.2739627373078,0.0934382503812217,0.0313377144763177,6
867,"First",307,8.24840789585407,0.0389686342568713,0.0143599140580384,7
867,"First",308,10.030455800355,0.0428183528892578,0.0143986893647365,8
867,"First",309,10.2650816170962,0.0646487793172202,0.0186251785592382,9
84,"Second",310,13.3208989420996,0.753573997021742,0.27368880217717,1
84,"Second",311,6.06693302354793,0.0309954700001811,0.0158161364119153,10
84,"Second",312,8.24623270263124,0.252634299654108,0.139060798610484,2
84,"Second",313,6.74696394754629,0.176401159017511,0.0867799017254,3
84,"Second",314,9.37358196210105,0.225604506558548,0.0952768190878124,4
84,"Second",315,10.5671398700348,0.281821334863702,0.132619415790834,5
84,"Second",316,4.83485269205692,0.147188002754956,0.0774730567811831,6
84,"Second",317,13.0160377928013,0.460336781609108,0.245248417819357,7
84,"Second",318,10.0731696149513,0.377117638418522,0.259097243378065,8
84,"Second",319,11.4346738146309,0.0795689706795426,0.0358074497768791,9
765,"First",320,6.61598222798197,0.0503993741922156,0.0167624092484763,1
765,"First",321,6.91537577526016,0.332906340389737,0.603633367876793,10
765,"First",322,8.79307883820326,0.519064921569443,0.346125411531541,2
765,"First",323,8.71470261857579,0.304517988982615,0.17986280909832,3
765,"First",324,10.1595897720301,0.412437950438426,0.347412308312697,4
765,"First",325,7.91233101716374,0.368268724247017,0.272817852864957,5
765,"First",326,5.5988866426483,0.15652792509225,0.149384721164582,6
765,"First",327,4.85405691555712,0.220688272964945,0.212122261248398,7
765,"First",328,8.30917297633654,0.44008793507971,0.463847421848382,8
765,"First",329,8.05595188074804,0.243208096747103,0.529355821092285,9
557,"Second",330,7.4591490114498,0.250181579432263,0.169679898414844,1
557,"Second",331,5.15759287081316,0.0286165750150405,0.0170323708442377,10
557,"Second",332,12.0881620727872,0.151244493495878,0.118582593784366,2
557,"Second",333,4.24129993588121,0.0508354327379394,0.0207975624024717,3
557,"Second",334,5.01592716827675,0.0626449951181442,0.0207772270293585,4
557,"Second",335,12.4132834212455,0.255455959382928,0.113962015624528,5
557,"Second",336,9.17171188254323,0.443695994370382,0.154770501001786,6
557,"Second",337,11.1177229278118,0.112768088166954,0.0572427426454171,7
557,"Second",338,1.87946203414979,0.0142364065578746,0.00665108468020132,8
557,"Second",339,7.45516320047485,0.0969274638728786,0.031097277826601,9
606,"First",340,4.06039312203008,0.0258403979878861,0.0070068215383567,1
606,"First",341,7.60617961169467,0.106464039259132,0.0464605027412381,10
606,"First",342,5.27908712452813,0.0655693621209837,0.0172174273928753,2
606,"First",343,4.08833685226041,0.0315064105233678,0.0108850047279693,3
606,"First",344,7.44399438620329,0.0853318760039748,0.0295868173426348,4
606,"First",345,11.4371914706112,0.185704744400171,0.0990992997292417,5
606,"First",346,12.2619793663059,0.164528982941996,0.0547413874914976,6
606,"First",347,5.48846521159675,0.0265164904869703,0.00908630471555878,7
606,"First",348,6.5915437848671,0.117142119799462,0.0470441027065661,8
606,"First",349,6.6139942481979,0.0149311430420912,0.00364651458100759,9
235,"Second",350,10.1240128015534,0.172731319903032,0.0468750342930901,1
235,"Second",351,6.07891264443612,0.114459027988898,0.0403125773946315,10
235,"Second",352,2.97705749859204,0.0424217802177328,0.0152175190735388,2
235,"Second",353,3.45831725762109,0.0542293581369543,0.0155113149634516,3
235,"Second",354,5.65329036105723,0.0745539690216003,0.0251035047003734,4
235,"Second",355,7.48863983381196,0.128875489613048,0.0403550589147108,5
235,"Second",356,5.88560637894677,0.107478863953158,0.0370542550741909,6
235,"Second",357,6.39742366543863,0.140478291843555,0.0319639415969228,7
235,"Second",358,5.85659981325591,0.0960425419959787,0.0274443437218869,8
235,"Second",359,4.36880124309484,0.131750125463489,0.031583845088418,9
992,"First",360,5.24128066395171,0.0129578659130832,0.00390586307481957,1
992,"First",361,5.57203361102881,0.0196494298188416,0.00541597937774838,10
992,"First",362,8.46044289728602,0.0368647314629302,0.0074090089207528,2
992,"First",363,9.91312474555988,0.0736669578521167,0.0116455343877188,3
992,"First",364,7.95878987062783,0.05277082304729,0.00965819770794827,4
992,"First",365,8.96221306747775,0.0368935561189609,0.0056217892965877,5
992,"First",366,4.77541671623041,0.0173149975022129,0.00334618589128048,6
992,"First",367,9.95648592232454,0.0609177224686584,0.0195188287133515,7
992,"First",368,6.72557608198501,0.0186281868923542,0.0046607744432023,8
992,"First",369,5.56701847059382,0.0162613334739251,0.00435418750491241,9
43,"Second",370,9.67454343209833,0.236580882200203,0.0455926368988421,1
43,"Second",371,13.8111769333197,0.0569305060320812,0.0227533162651137,10
43,"Second",372,10.1059769338082,0.474797795808361,0.11665145053591,2
43,"Second",373,9.22591864325872,0.247563623072639,0.0905830333666791,3
43,"Second",374,9.16118353523803,0.196857177871615,0.0793969693402329,4
43,"Second",375,9.46892683957848,0.315442294844786,0.065526384199347,5
43,"Second",376,10.1790887503488,0.129173174366464,0.027902352279192,6
43,"Second",377,7.8283746004245,0.109610443533198,0.0422120153402958,7
43,"Second",378,11.7372489215706,0.142224221423719,0.0599313714126687,8
43,"Second",379,9.19412621090476,0.123784266247567,0.0472613152741417,9
726,"First",380,10.9989256645539,0.057890288336829,0.0151564269547712,1
726,"First",381,5.43473259028918,0.11554956893629,0.0326812168953841,10
726,"First",382,10.4219955650935,0.115617364225699,0.0255316889720606,2
726,"First",383,15.8635394615342,0.137368767917801,0.0461642720943534,3
726,"First",384,7.51385063694495,0.206340573881928,0.0850600364235775,4
726,"First",385,11.2290179174055,0.117108331578326,0.0415953886743199,5
726,"First",386,7.31652883158489,0.212217283778355,0.0775346390390218,6
726,"First",387,10.6221477891453,0.170980342175856,0.0593855115201196,7
726,"First",388,10.8890302771294,0.460905290542715,0.247556273714602,8
726,"First",389,4.80417371509085,0.102704359447072,0.0312515444445988,9
909,"Second",390,6.68023314663868,0.0903445986819457,0.0310483945554368,1
909,"Second",391,6.04750224893819,0.0251042418443346,0.00513314037657951,10
909,"Second",392,6.87336800811249,0.0227258134116722,0.0101937293954314,2
909,"Second",393,8.31073616910527,0.155062285809897,0.0491605071478891,3
909,"Second",394,7.08368804213725,0.0540426192390078,0.0119823384826242,4
909,"Second",395,6.50991898291835,0.0316253982096958,0.00982299229218984,5
909,"Second",396,10.4967461759815,0.175805508302776,0.0554766831286404,6
909,"Second",397,5.40694202839286,0.0223864725231829,0.00565965351659487,7
909,"Second",398,8.18960975561605,0.0353413163339132,0.0105597358280866,8
909,"Second",399,6.75268285009265,0.0324693794363865,0.0202377544296506,9
675,"First",400,5.05616979905095,0.030576983030233,0.0147936082292637,1
675,"First",401,2.42523806844822,0.0220709330277608,0.0341502222679047,10
675,"First",402,6.82143872515188,0.0947530065915008,0.0668121053413593,2
675,"First",403,2.7560540089416,0.0393031623865438,0.0221570048752698,3
675,"First",404,2.19798572119565,0.00723713936609554,0.00779729906590416,4
675,"First",405,8.99888182326179,0.121381737385486,0.138245646402715,5
675,"First",406,5.84706387748354,0.0357280132817498,0.0379266621336985,6
675,"First",407,12.6341416074209,0.263033973726894,0.375194742127851,7
675,"First",408,8.35069452289682,0.0966560238633176,0.166378000942745,8
675,"First",409,7.78864009674359,0.124536145765558,0.20986733334037,9
59,"Second",410,10.9756126737767,0.290173732110815,0.19346397526623,1
59,"Second",411,8.71829682610715,0.290556577234041,0.153097447028254,10
59,"Second",412,6.89273659006781,0.250589139653059,0.149149767089786,2
59,"Second",413,8.1804964536912,0.239274672323154,0.124566858651318,3
59,"Second",414,5.38047039697625,0.0886415530823839,0.0800024366532701,4
59,"Second",415,8.47724545254157,0.42793721289285,0.238636664677794,5
59,"Second",416,6.19010741703385,0.155138795960546,0.134900734991945,6
59,"Second",417,9.47131048236313,0.175053560413297,0.0784425931098235,7
59,"Second",418,6.81367241179045,0.125011476872507,0.0945729431298653,8
59,"Second",419,7.03963599710249,0.179761246196593,0.159780558339079,9
889,"First",420,12.1998654740983,0.0369015263125505,0.0236607477624981,1
889,"First",421,7.35562549575396,0.345625380073148,0.237751080069422,10
889,"First",422,3.89822694340109,0.0148071395921147,0.00625168439969471,2
889,"First",423,11.0088466890195,0.356263077380663,0.21618611206008,3
889,"First",424,3.87159064916401,0.171188959440766,0.150655069857962,4
889,"First",425,5.43877412244206,0.145439309314889,0.174843774632509,5
889,"First",426,4.71932767080713,0.217047337463468,0.185847425178873,6
889,"First",427,6.77449638718885,0.470882899431503,0.406448002911736,7
889,"First",428,8.88983234751916,0.421105631289703,0.163314943258968,8
889,"First",429,11.5508229780105,0.537839024378421,0.304313335378236,9
553,"Second",430,3.42570345390882,0.11756454633716,0.138188553067444,1
553,"Second",431,4.79908207483135,0.184813805706247,0.255648678789506,10
553,"Second",432,3.09602887895093,0.0757293647155318,0.154948123722028,2
553,"Second",433,3.38212801009262,0.126669179272655,0.170889050068105,3
553,"Second",434,5.55116979852062,0.147878915609243,0.342333872768685,4
553,"Second",435,3.03365391287441,0.0987827050943934,0.147664188648982,5
553,"Second",436,4.79267794277857,0.168812107945644,0.419708521050273,6
553,"Second",437,7.45108521132205,0.340122314811976,0.572708270821724,7
553,"Second",438,5.3204878271491,0.239043221854267,0.410749123565695,8
553,"Second",439,3.96168466264755,0.11691227155962,0.139488615255027,9
586,"First",440,6.10556827752565,0.0671998213424089,0.0429193541256026,1
586,"First",441,10.321274785632,0.293750603176841,0.232340330570163,10
586,"First",442,9.47130612284066,0.227690654217729,0.122332908956904,2
586,"First",443,6.79903019049326,0.279255449438834,0.165122434703146,3
586,"First",444,5.45716410850613,0.0943318462737388,0.0504751523282592,4
586,"First",445,8.6947255938874,0.463991083471346,0.360953658186595,5
586,"First",446,15.2783605717378,0.481313407168893,0.158864684150873,6
586,"First",447,8.41847110724067,0.312317091462348,0.189867807240567,7
586,"First",448,11.4444685411331,0.327610628673269,0.179624114034063,8
586,"First",449,5.20982356284787,0.149922080050817,0.172411510230576,9
264,"Second",450,9.36187073875832,0.306351388304211,0.0888799888464158,1
264,"Second",451,6.38112125571637,0.131712519592779,0.0452281866302603,10
264,"Second",452,8.04017721908936,0.0710703309214785,0.0149188705237943,2
264,"Second",453,7.54958027921257,0.0233316094608078,0.00548104019540422,3
264,"Second",454,6.56096835844373,0.0169314941539327,0.00663077047690183,4
264,"Second",455,8.75446032633508,0.0841182648641511,0.0264686996440966,5
264,"Second",456,10.9188159401948,0.189542638731375,0.0674659173686599,6
264,"Second",457,6.11074777578328,0.0430570264274115,0.0102919615889728,7
264,"Second",458,6.87122838481109,0.0284453495922767,0.00635899294618278,8
264,"Second",459,10.4507405799715,0.0334626006948547,0.0085406976522769,9
862,"First",460,10.7204644791089,0.0545451923163337,0.0253173433671189,1
862,"First",461,12.1656136977962,0.671350964098887,0.236500518722537,10
862,"First",462,17.326623391239,0.168199868422548,0.0337487937424731,2
862,"First",463,14.4032425689826,0.638494582555236,0.189997151217268,3
862,"First",464,6.38009264941076,0.242134324994802,0.0834286413736848,4
862,"First",465,13.3539184249824,0.584891664254595,0.187868128254526,5
862,"First",466,18.1470064018312,0.529285914179946,0.144762968083185,6
862,"First",467,9.68113060059708,0.37927732583468,0.110273229824943,7
862,"First",468,14.2302753439339,0.365878480061547,0.108664437836043,8
862,"First",469,6.9156341948683,0.213448077421816,0.0658688561801234,9
732,"Second",470,12.6868275992545,1.85630051114941,0.766083181626323,1
732,"Second",471,8.3673055671154,1.0387274761711,0.334181460075829,10
732,"Second",472,10.5607991728499,0.893040618407122,0.497723478388017,2
732,"Second",473,6.19074013572648,0.396617820519576,0.185846530179046,3
732,"Second",474,9.44122426083334,0.799969091369097,0.408523539265858,4
732,"Second",475,15.6074472459524,0.95585123235652,0.482559302475848,5
732,"Second",476,9.81110084752953,0.998369650709492,0.317681224545057,6
732,"Second",477,8.59574450602816,0.736121375626273,0.241655856824714,7
732,"Second",478,9.92018447506086,0.381541799026022,0.159577157953937,8
732,"Second",479,9.26274893764157,1.19221140155418,0.343098043730208,9
226,"First",480,2.0752101124979,0.001529274704755,0.000521894411490635,1
226,"First",481,11.0681838199919,0.192150880685882,0.0447669421305412,10
226,"First",482,5.00507705672485,0.0881236858072213,0.0253227318309736,2
226,"First",483,9.05858055293038,0.30315187694308,0.0950931427776086,3
226,"First",484,14.060553012017,0.502972307815162,0.139382033002603,4
226,"First",485,7.94647809703144,0.413587517041801,0.0907491931419783,5
226,"First",486,17.8019048130059,1.17892557293519,0.242839866837629,6
226,"First",487,6.02975726546241,0.135053131784263,0.0277586956705645,7
226,"First",488,9.5810739487868,0.586934443499376,0.0981571293810797,8
226,"First",489,6.36227787197888,0.173010649698383,0.0363034816613877,9
723,"Second",490,7.35678886856336,0.0923155469125103,0.0246442341916097,1
723,"Second",491,6.72233474765935,0.142196095929212,0.0553471693272664,10
723,"Second",492,8.76668994422244,0.176036851964313,0.0594405058695568,2
723,"Second",493,8.73222290763349,0.116711367019992,0.0600679220054334,3
723,"Second",494,9.61675929061508,0.0777706858474132,0.0296550099425619,4
723,"Second",495,7.74877160825468,0.0803926509480362,0.0210250480237073,5
723,"Second",496,8.12600465292051,0.112619276007447,0.0579700771345404,6
723,"Second",497,7.68004028304002,0.0880561012190011,0.0279486649694571,7
723,"Second",498,9.80043810300872,0.186323686717046,0.124170077506593,8
723,"Second",499,8.89543100748679,0.0940497838189904,0.0716464312722804,9
108,"First",500,15.1329240683857,0.423592549177123,0.174646407055617,1
108,"First",501,9.57642175768857,0.324673071379607,0.143460888161765,10
108,"First",502,9.8236238561568,0.377402384487181,0.224810411100925,2
108,"First",503,8.71724302540345,0.487136631626498,0.237356684630298,3
108,"First",504,7.42521355704949,0.375562960428753,0.158491342480852,4
108,"First",505,15.8668779156382,0.199538205983865,0.0684468838569735,5
108,"First",506,5.28607249219254,0.259295213362781,0.118882720898727,6
108,"First",507,8.31929752094894,0.417409609187026,0.219746432333766,7
108,"First",508,5.38917553131452,0.240639488633803,0.0797401313702717,8
108,"First",509,9.21531894424024,0.409914268966793,0.159980053249895,9
809,"Second",510,4.05615742466017,0.0275609341685362,0.0207091021991518,1
809,"Second",511,8.62008820655956,0.289610632494844,0.241621814417649,10
809,"Second",512,11.6738489550985,0.540424885704681,0.28527329361204,2
809,"Second",513,5.76205383621153,0.0398919484375045,0.0282681030074804,3
809,"Second",514,4.99127640015395,0.0748314014198665,0.0229199069766388,4
809,"Second",515,4.17321052528419,0.071250094180088,0.0209722885334652,5
809,"Second",516,5.95332799689914,0.109188665996826,0.059539825409998,6
809,"Second",517,7.67008932692221,0.148481926644832,0.0563078111860265,7
809,"Second",518,5.04565751270288,0.0608990329890546,0.0375817824623533,8
809,"Second",519,7.02114299661584,0.225926123005711,0.165802269036377,9
988,"First",520,4.30479637066336,0.0168745732639792,0.00473106050927347,1
988,"First",521,5.86594759760939,0.0851885067297895,0.0140347193463322,10
988,"First",522,3.49808912653711,0.00783982200558793,0.00245151705077361,2
988,"First",523,4.03449812641207,0.0204201548926161,0.00253615030161444,3
988,"First",524,3.65681413268185,0.0240816306963111,0.00371252744354678,4
988,"First",525,4.1477174639041,0.009804674220756,0.0021005103550793,5
988,"First",526,5.68785340398351,0.0171705910088276,0.00291719142358449,6
988,"First",527,3.74917696997534,0.0268004141379217,0.0036299742432764,7
988,"First",528,4.46638604171485,0.0633557017051936,0.00844319583551097,8
988,"First",529,6.21301027336912,0.105895449164424,0.0147943430936986,9
525,"Second",530,12.8753060137401,0.342065299347924,0.0754521516399392,1
525,"Second",531,6.64552944523444,0.0522453811655997,0.0166644792386457,10
525,"Second",532,6.24217771556249,0.0519423957860112,0.0100345756547551,2
525,"Second",533,10.3930624936185,0.12107686458581,0.074573662642626,3
525,"Second",534,3.53368910009671,0.0299753409103825,0.0186353899104079,4
525,"Second",535,8.79614406765964,0.0508969111826267,0.0173935950946316,5
525,"Second",536,9.92976364866242,0.204130721723321,0.0532096542400494,6
525,"Second",537,8.64736002378903,0.134557246460941,0.0400614493082136,7
525,"Second",538,5.76655954523647,0.0662680028008923,0.0209821218431503,8
525,"Second",539,10.9235048494149,0.129542439850754,0.0173546581466991,9
249,"First",540,12.5536497721785,0.132571775631069,0.0269574599457792,1
249,"First",541,13.2672635282988,0.166198053245247,0.0997107049170041,10
249,"First",542,8.71493121117677,0.0581765124324259,0.0151608952738123,2
249,"First",543,4.01861026729803,0.0225387157981738,0.00513598336610375,3
249,"First",544,7.27572380158462,0.0817829955854735,0.0201879798914843,4
249,"First",545,7.04671246292008,0.013353705467172,0.00293918400829572,5
249,"First",546,7.47846128312986,0.066680798162067,0.02905887041667,6
249,"First",547,9.83931082141513,0.13941960165684,0.0466515391142623,7
249,"First",548,8.22345759986643,0.136779181306347,0.0546315319281856,8
249,"First",549,9.12819516389146,0.12491255474584,0.0431462853242072,9
143,"Second",550,10.5463946942087,0.197244302391338,0.0923405257979361,1
143,"Second",551,8.42876812105222,0.0760577346397609,0.036592159994704,10
143,"Second",552,8.72632200569612,0.116259163585489,0.0444448021398716,2
143,"Second",553,7.72834363484864,0.0498869556465078,0.0141177840990719,3
143,"Second",554,12.5490907528296,0.223333197190139,0.109410812936691,4
143,"Second",555,16.3520171160716,0.166755569690967,0.118922857209438,5
143,"Second",556,5.94914628877981,0.0586558659578567,0.0278717351573893,6
143,"Second",557,9.4663749857809,0.0434818528227371,0.013882999512001,7
143,"Second",558,4.34170336913773,0.0558688370103778,0.0176124153029134,8
143,"Second",559,8.98156038007902,0.148995553033555,0.0641339535561841,9
23,"First",560,8.85859071661486,0.0822020182386857,0.0243603547006603,1
23,"First",561,9.49885590960895,0.0931884548671772,0.0532031163441155,10
23,"First",562,6.69563015087395,0.0490255333225592,0.0312690491278509,2
23,"First",563,6.17094034380924,0.0422622082487872,0.0150153772531365,3
23,"First",564,9.08198372206716,0.0355531763814144,0.0258447990565134,4
23,"First",565,8.59443986603816,0.0549602879657944,0.0558120235824908,5
23,"First",566,12.8534504936367,0.101596897485919,0.0515314018641985,6
23,"First",567,4.91122998183587,0.0754483253130153,0.05624736799817,7
23,"First",568,3.2714615660485,0.0392851688032129,0.0194368637988803,8
23,"First",569,5.39991601888478,0.0342612799913509,0.0204876673173389,9
545,"Second",570,10.5964215588181,0.164072110877808,0.0221160847169082,1
545,"Second",571,11.6969902576711,0.236672561733597,0.0328522690720787,10
545,"Second",572,11.2520304641375,0.111535884023824,0.0283485185581946,2
545,"Second",573,5.7230790481664,0.045823643603785,0.013655798324063,3
545,"Second",574,10.3516307017539,0.109964104808979,0.0406903444951996,4
545,"Second",575,9.26966884062135,0.0251555359202782,0.00718591840215987,5
545,"Second",576,8.58055829763136,0.120491576155813,0.037667853288227,6
545,"Second",577,12.44607535845,0.0367513697518109,0.00609864421281968,7
545,"Second",578,5.81506850144873,0.0666419599489114,0.0136891612466556,8
545,"Second",579,4.5091951127478,0.0186993465332108,0.00328551426516333,9
803,"First",580,5.24424662861176,0.0507320994306044,0.0144320919435963,1
803,"First",581,5.38099334588239,0.0993942172749488,0.0651021025140808,10
803,"First",582,9.06625546634041,0.110787015286348,0.041597489976689,2
803,"First",583,6.54821335908122,0.104464572646487,0.0236754347128306,3
803,"First",584,6.45470317001065,0.0490248192359107,0.0149677229473049,4
803,"First",585,6.47945243456321,0.0401149727000024,0.00856172060008893,5
803,"First",586,7.77291279310115,0.112236786461511,0.0346904382781306,6
803,"First",587,8.74751008345016,0.100746954737931,0.0187721844451518,7
803,"First",588,9.92914921176592,0.219787375993298,0.0502531390200679,8
803,"First",589,8.2657927846781,0.123568258539707,0.0322358110521309,9
256,"Second",590,15.4372791375619,0.749130329277986,0.208377459991091,1
256,"Second",591,12.4019193163822,1.88413043494878,0.768920675912749,10
256,"Second",592,6.67114299954846,0.034476669629208,0.0226603102970161,2
256,"Second",593,11.6570024206572,0.461648819523603,0.307465080455613,3
256,"Second",594,9.58197868877487,0.366459313290015,0.0938396798272067,4
256,"Second",595,9.58140827971383,0.324536062554308,0.0927226329345192,5
256,"Second",596,7.13646757403191,0.0952240699368875,0.0333780172425813,6
256,"Second",597,8.61396195163934,0.528201253879213,0.219649877073377,7
256,"Second",598,10.9041565465866,0.549505592663424,0.208326013427351,8
256,"Second",599,11.2319084896154,0.584072976276018,0.243580791322965,9
900,"First",600,4.55296967099463,0.0327869346593841,0.00640954587967191,1
900,"First",601,6.17836896251327,0.0154081090142241,0.00448407497303588,10
900,"First",602,3.24654285789812,0.0129732155491167,0.00490350406734178,2
900,"First",603,9.94303866739605,0.092242346823011,0.0256906687761361,3
900,"First",604,11.9031345093787,0.0623285249311184,0.0167189208403143,4
900,"First",605,3.75270470734335,0.00956313560735931,0.00278194044497826,5
900,"First",606,3.8492969508518,0.00405922242787732,0.00203018585357365,6
900,"First",607,4.5094251706795,0.0250187981610287,0.00743235705429573,7
900,"First",608,5.3038656796648,0.0218167868728309,0.00671007545730083,8
900,"First",609,6.13201797428172,0.0465097001196302,0.0169552410773854,9
921,"Second",610,5.41985492873487,0.0454134232882636,0.0394853819554714,1
921,"Second",611,8.93664611254989,0.149894763910159,0.0775244783226938,10
921,"Second",612,7.20162783772424,0.069392916976904,0.0495708051951314,2
921,"Second",613,6.84281796610099,0.108513879957544,0.125626130419816,3
921,"Second",614,10.2016369879542,0.209428419593363,0.217190640263499,4
921,"Second",615,6.47227643060042,0.152807439075774,0.117529409048669,5
921,"Second",616,10.4558406252889,0.21143339151251,0.227732554798192,6
921,"Second",617,4.89959851748137,0.0725236442844211,0.0773416738183852,7
921,"Second",618,5.09468231268746,0.0822385402937965,0.0730477879199065,8
921,"Second",619,4.87674124871635,0.0472879114567017,0.0267573856121709,9
370,"First",620,3.77202454287843,0.016349376072593,0.00965754894994336,1
370,"First",621,7.7700783680114,0.0734114923888938,0.0510388742688156,10
370,"First",622,5.18103119938614,0.0877387277436384,0.0570723093642245,2
370,"First",623,7.59174978524384,0.0639727025455022,0.0461848196884385,3
370,"First",624,3.39481883790306,0.0312468770606928,0.00903109188822278,4
370,"First",625,6.37075134707209,0.035116483155924,0.0238847901830869,5
370,"First",626,4.80603481604302,0.0415783491792721,0.0168721564694353,6
370,"First",627,6.40370907762918,0.0491991543510699,0.0284503585391783,7
370,"First",628,4.53834284008601,0.0245068442885465,0.01636821214282,8
370,"First",629,11.7324080914147,0.223247621756562,0.0639638110334973,9
60,"Second",630,8.87244299689256,0.280054707115049,0.112468872027739,1
60,"Second",631,7.47149008418805,0.0711663869229152,0.0560006439694117,10
60,"Second",632,3.39389549046306,0.184241088296032,0.0673652387408277,2
60,"Second",633,7.76399791153295,0.200676695248509,0.070322655229234,3
60,"Second",634,12.5935438545472,0.356121524364255,0.218530770618898,4
60,"Second",635,10.5631600497176,0.187911938400857,0.0740314987424051,5
60,"Second",636,9.53808369966995,0.260557246574634,0.188448477177915,6
60,"Second",637,9.53811276238355,0.267703514674619,0.173316327540607,7
60,"Second",638,12.5523311869092,0.202673305575495,0.0746574357031819,8
60,"Second",639,9.99870246792503,0.129928383348055,0.0976126327935253,9
70,"First",640,5.92563147129311,0.0695109113663088,0.0631102267600613,1
70,"First",641,11.4642339096276,0.107416939005104,0.0232588683635977,10
70,"First",642,8.97655951612989,0.0662114767509606,0.042998817705906,2
70,"First",643,6.33939397379292,0.0522447515788196,0.0109737500777915,3
70,"First",644,6.94599327433269,0.0593720982265128,0.0328056791202032,4
70,"First",645,6.51300292852385,0.1204558315653,0.0760123713930214,5
70,"First",646,14.9257221850746,0.0761812665463917,0.0274045125857185,6
70,"First",647,8.22157365568285,0.0377209374233194,0.0112442604063242,7
70,"First",648,7.94719024356116,0.0639408218204581,0.014997058121112,8
70,"First",649,6.53356208731757,0.0358453356426247,0.0122861048245956,9
98,"Second",650,10.5202811530152,0.0711084107272926,0.0519287851151102,1
98,"Second",651,11.5071749493506,0.308629362626606,0.840028488289397,10
98,"Second",652,11.3843368678772,0.469473466194171,0.487362141253368,2
98,"Second",653,12.7847135924405,0.249950672965134,0.230880885598058,3
98,"Second",654,6.04308796590215,0.14070376862931,0.230882369206105,4
98,"Second",655,10.7394619324972,0.310287645350076,0.439782681693363,5
98,"Second",656,6.45198000056815,0.116371977275287,0.263933198605584,6
98,"Second",657,10.02794702022,0.256017680771346,0.628384385121595,7
98,"Second",658,10.8296811165294,0.279548622718924,0.922393403619548,8
98,"Second",659,14.9001909220164,0.506211406701993,1.35882446736604,9
636,"First",660,6.0751354005681,0.101867550513409,0.0386674932315922,1
636,"First",661,9.32355654809389,0.114593073067048,0.106573554976204,10
636,"First",662,6.71817597608214,0.36065273450848,0.108270150276286,2
636,"First",663,9.84985508101073,0.340327891967122,0.0699442272956164,3
636,"First",664,7.04222617511813,0.0234849811248286,0.0115010052055772,4
636,"First",665,7.37318980107458,0.0579471776608351,0.0263933067421264,5
636,"First",666,11.3303279114498,0.328540100563653,0.0685027716741458,6
636,"First",667,8.87835865765346,0.073995261383548,0.0231095326160299,7
636,"First",668,8.16801389441113,0.109445775720621,0.0561892028952757,8
636,"First",669,8.8820691932127,0.060169160682168,0.0697545918981498,9
194,"Second",670,6.75400785691521,0.0813540289868399,0.0344954959307847,1
194,"Second",671,4.14076675798481,0.0197103190331133,0.00572482152157465,10
194,"Second",672,8.69155132857286,0.138490963724885,0.0500811659191209,2
194,"Second",673,4.54442243112608,0.0842281276688178,0.030456868943811,3
194,"Second",674,4.51195806052733,0.0385226951909115,0.0127402332452871,4
194,"Second",675,7.2208092723775,0.112849658179254,0.0347533263256265,5
194,"Second",676,4.40414488764364,0.0224234482181716,0.0104164394863137,6
194,"Second",677,3.99870587897998,0.0713870093352347,0.0614221017491414,7
194,"Second",678,6.44212894084605,0.0951415460632035,0.036107509686975,8
194,"Second",679,6.75259607894637,0.132087026926774,0.0778558234671148,9
418,"First",680,4.02273937473778,0.00841195191399069,0.00340605916284604,1
418,"First",681,4.04554598309493,0.0928021390577735,0.032520703889631,10
418,"First",682,10.3713555650764,0.0656803600186587,0.0412075393225223,2
418,"First",683,5.66957570870186,0.106500660496508,0.0473635330217543,3
418,"First",684,7.99495637664536,0.0928272479787638,0.0679416410947277,4
418,"First",685,7.03513209695868,0.108967656124284,0.0562274399737695,5
418,"First",686,8.45404263238498,0.13094292019898,0.0473646094296951,6
418,"First",687,6.99947412970852,0.233462979220708,0.1953144531924,7
418,"First",688,8.64524278201704,0.216653202338253,0.112856334643757,8
418,"First",689,5.56060136232011,0.140458199839537,0.0942578912411207,9
432,"Second",690,15.7448964182962,0.457241135095006,0.156066799136308,1
432,"Second",691,11.412433352059,0.302136722833714,0.275239148198944,10
432,"Second",692,13.8066782853425,0.831652705855513,0.221698880338658,2
432,"Second",693,6.25046810873067,0.30024815171463,0.0883277636690372,3
432,"Second",694,4.73795615719138,0.0506159528626789,0.0217911344054178,4
432,"Second",695,8.94847480233332,0.379092449663314,0.108328775586138,5
432,"Second",696,8.03105053992949,0.191865184974181,0.27609641933455,6
432,"Second",697,8.57691809148426,0.104275104300536,0.0559545782109346,7
432,"Second",698,9.25213923435462,0.300096172337306,0.18967151355083,8
432,"Second",699,10.2335351694905,0.335582934870721,0.198893063931283,9
467,"First",700,6.23996144835932,0.292347295073338,0.269771610085305,1
467,"First",701,12.317415554794,0.566749632737704,0.391267004548402,10
467,"First",702,4.50151503688134,0.194333297930657,0.116737900186707,2
467,"First",703,9.54569744274384,0.303158066407589,0.254846572278386,3
467,"First",704,12.6033287196364,0.539694572301946,0.550820037760498,4
467,"First",705,8.55194961773116,0.299126592718503,0.310148348451513,5
467,"First",706,9.37102125794731,0.401231167855431,0.335786942655232,6
467,"First",707,11.3766585635262,0.56198442844825,0.469138568028981,7
467,"First",708,10.9232102214318,0.285257757863865,0.248536264286046,8
467,"First",709,7.91324585644967,0.311164139826673,0.277974068736979,9
420,"Second",710,7.45367141580008,0.38782642684124,0.965788905902875,1
420,"Second",711,8.13557132545703,0.460223625489852,0.567742697330351,10
420,"Second",712,11.9455133840232,0.5926566972619,0.846993341922907,2
420,"Second",713,8.51662373013076,0.420317092016766,0.817545927580786,3
420,"Second",714,9.34685078085309,0.399884101499915,0.777122439949829,4
420,"Second",715,11.8026302636656,0.367966129164882,0.740187860630728,5
420,"Second",716,7.60374071093391,0.286887772011492,0.428357537158879,6
420,"Second",717,10.4889334199076,0.666273532347544,0.952286301350965,7
420,"Second",718,12.1319684587728,0.36116264729712,0.259994051541196,8
420,"Second",719,6.15762769306261,0.370183098359183,0.768862961940583,9
416,"First",720,8.86933788639661,0.281805144351124,0.136478978904612,1
416,"First",721,7.94527034261763,0.535756709361643,0.274238692548323,10
416,"First",722,5.44672824930074,0.350931714124157,0.24332215905063,2
416,"First",723,4.77752508344065,0.146160479354171,0.118078210979786,3
416,"First",724,9.24786778480125,0.326184975991367,0.389450120813502,4
416,"First",725,7.09407075888606,0.252830944848587,0.257702040676744,5
416,"First",726,11.5436604843648,0.41954751976003,0.389331379577479,6
416,"First",727,10.0708582874291,0.793221728527314,0.682027230753057,7
416,"First",728,14.8259957173086,1.31387370000418,0.807751503346958,8
416,"First",729,7.93794821347737,0.54779802911221,0.386983788274746,9
511,"Second",730,8.99736860063118,0.117202143794667,0.0328812552588038,1
511,"Second",731,7.02960477210474,0.0592951794672838,0.0219451459738016,10
511,"Second",732,10.2164182407631,0.162330314080891,0.0534498536326151,2
511,"Second",733,5.9716501669501,0.0973160743183182,0.038438752945528,3
511,"Second",734,8.67489144986523,0.07361818946981,0.0515218342213118,4
511,"Second",735,11.9615603386369,0.0693222478637894,0.0346538997581168,5
511,"Second",736,7.85971579579527,0.142956946839762,0.0433416315112393,6
511,"Second",737,10.7653896062618,0.076400217924771,0.0267335014671901,7
511,"Second",738,12.0247937392535,0.14724529156785,0.0701231871926322,8
511,"Second",739,9.34388317833236,0.0933718497843122,0.0491475430290155,9
695,"First",740,5.46272117854123,0.103415610136867,0.0540523039747684,1
695,"First",741,7.91161811555506,0.21669885435461,0.1459820076447,10
695,"First",742,5.82080629156595,0.110968413495145,0.0724086928439877,2
695,"First",743,5.24790748789018,0.109862031933446,0.095003810276551,3
695,"First",744,13.1990381418601,0.418042753575843,0.287678494071876,4
695,"First",745,8.05418940724916,0.184037409241858,0.0764947505555161,5
695,"First",746,9.78125519333919,0.16434551108138,0.143984443092615,6
695,"First",747,4.89856473206169,0.15426508626781,0.0975788580803476,7
695,"First",748,4.73946235769982,0.150474589847886,0.0737878122762458,8
695,"First",749,7.91395242695885,0.332218963783517,0.275004429888243,9
533,"Second",750,2.34053056735646,0.00535411443290264,0.00182839814519388,1
533,"Second",751,5.39670949282013,0.05349576137554,0.0140510876830903,10
533,"Second",752,9.62053621467357,0.0784794663466438,0.0488436931902035,2
533,"Second",753,8.11538609029856,0.0458151871550037,0.0491896383152401,3
533,"Second",754,7.09361792539766,0.119359222947318,0.0951084516721195,4
533,"Second",755,12.337715139265,0.0695267232235991,0.0220333626539371,5
533,"Second",756,6.24588655689673,0.0102903835775855,0.00558006662530704,6
533,"Second",757,7.80654774239184,0.0346142511215778,0.0276723417837234,7
533,"Second",758,7.72861546503143,0.0459501863687557,0.0191020883838669,8
533,"Second",759,6.62050589015625,0.0336412487319125,0.00851681830453185,9
177,"First",760,8.31436843206115,0.0874793043173078,0.0224945698324135,1
177,"First",761,7.98210023894229,0.0517778389274934,0.031284466572017,10
177,"First",762,5.84965715107389,0.0242532160221092,0.0075101842896518,2
177,"First",763,5.51274237669603,0.0719982901329234,0.0393225675334681,3
177,"First",764,4.60930457402899,0.0710903074438016,0.0290323693813019,4
177,"First",765,2.53740935305801,0.0647493488854308,0.0119693262960174,5
177,"First",766,5.95297426272993,0.0939057447340254,0.052752788912842,6
177,"First",767,8.61177489341195,0.205147761840987,0.153917878039351,7
177,"First",768,5.55048692959857,0.0665830789350463,0.0275213337070164,8
177,"First",769,8.49951518396119,0.224261375249786,0.120188874122838,9
315,"Second",770,11.8561646320735,1.27393889541415,0.382612427508024,1
315,"Second",771,12.0146720464308,0.883811122201508,0.45584815091481,10
315,"Second",772,6.43194726743447,0.379857370053532,0.177042668030298,2
315,"Second",773,12.3584607423976,0.88702897367735,0.386911520933333,3
315,"Second",774,14.4822927808653,1.03870452438395,0.476440217957812,4
315,"Second",775,7.40119485374097,0.6780669475731,0.275627942415879,5
315,"Second",776,16.8987811094811,1.35548146886372,0.745859931976291,6
315,"Second",777,15.3259608373445,0.987852240575868,0.566712703371004,7
315,"Second",778,10.2159309497494,0.475699886972463,0.272575240635552,8
315,"Second",779,13.2683707449115,0.974601849340915,0.317829159329359,9
597,"First",780,7.96134698738927,0.127089278038835,0.0404000919357645,1
597,"First",781,9.64618338230106,0.130960036206352,0.027346217034079,10
597,"First",782,6.87784408773373,0.105437012616132,0.0243804162762745,2
597,"First",783,11.9145711250028,0.140412680627355,0.04592188092023,3
597,"First",784,8.01691591786941,0.112147277728481,0.0228053072807712,4
597,"First",785,9.20594993755697,0.122535704425047,0.0405860536762937,5
597,"First",786,9.50633551279421,0.259448719006556,0.0652911105987518,6
597,"First",787,11.2583583765031,0.185381106259295,0.067195133351803,7
597,"First",788,10.0263881926648,0.111412187354051,0.0292797721202516,8
597,"First",789,15.2164062896903,0.367357364446337,0.0901527252497969,9
104,"Second",790,3.40305393116238,0.0198561237792984,0.00540890764153183,1
104,"Second",791,5.80334664066964,0.105267016738628,0.0202147023690666,10
104,"Second",792,6.87013970513141,0.0756654637704356,0.0188106231037888,2
104,"Second",793,6.71531818585966,0.0860311431966586,0.0162952799844122,3
104,"Second",794,9.03663496620129,0.119150475506156,0.0200640233926051,4
104,"Second",795,7.18749583296544,0.0738670272662169,0.010896636844296,5
104,"Second",796,10.6219340331063,0.32501379001179,0.049637851989395,6
104,"Second",797,4.46185574474811,0.050720864173735,0.0125361986149852,7
104,"Second",798,9.36606937137109,0.105197752077492,0.0363652213850553,8
104,"Second",799,5.62307302678915,0.0413327221009052,0.00718750835214271,9
652,"First",800,5.74179973231258,0.149242874884637,0.132084576390486,1
652,"First",801,6.07152025205417,0.207531665154151,0.266912552906935,10
652,"First",802,4.22986272320965,0.0267736816709621,0.0126500842210236,2
652,"First",803,2.8399338285909,0.125023030324925,0.0910904340208396,3
652,"First",804,5.22480404470312,0.28889476287545,0.414544610402645,4
652,"First",805,6.9966307888078,0.237030717953209,0.211905332383014,5
652,"First",806,6.74421354835435,0.188131907716489,0.110024849182733,6
652,"First",807,14.4116042063942,0.795986665142959,0.426957011777513,7
652,"First",808,5.77851609858058,0.163995246509014,0.188188330654266,8
652,"First",809,4.70963719956948,0.119200263849356,0.183270588926487,9
493,"Second",810,8.12522208212502,0.251146108469107,0.215823048421543,1
493,"Second",811,6.48214573925283,0.117803978056466,0.181234091063722,10
493,"Second",812,8.62666048226053,0.308294725947863,0.258138139706951,2
493,"Second",813,8.29013055110061,0.245272645933448,0.219602835804698,3
493,"Second",814,7.63718172323982,0.189080964706567,0.171056340730173,4
493,"Second",815,5.26318209243008,0.229799653345121,0.136160009626442,5
493,"Second",816,8.7293438496242,0.11426658546611,0.0621038576678031,6
493,"Second",817,10.4311041264163,0.133249280219957,0.0527020162664251,7
493,"Second",818,6.96780666825576,0.0998709079567019,0.126681968667242,8
493,"Second",819,6.27804747283377,0.21156254618348,0.209058999279555,9
641,"First",820,9.3006222468839,0.289796654117026,0.384531591363625,1
641,"First",821,5.07781521613407,0.170671301057775,0.158586420137258,10
641,"First",822,5.95607422130685,0.237286906000887,0.58592499070856,2
641,"First",823,6.34091625492385,0.154229024942392,0.13827884796735,3
641,"First",824,7.7608298134782,0.235950896227332,0.20237820205021,4
641,"First",825,11.0284511107552,0.978772662612355,1.59733296693741,5
641,"First",826,5.93391319313289,0.218537699841574,0.502821578065318,6
641,"First",827,8.68304640380118,0.186165714774082,0.0958184997070541,7
641,"First",828,7.80638876383825,0.281337993150929,0.335876517357458,8
641,"First",829,6.87002440047877,0.0834956067006247,0.0622687967062323,9
437,"First",830,8.44227376913001,0.0610548801423984,0.0183634314710725,1
437,"First",831,11.1379619305141,0.0115395040396367,0.00441587857414774,10
437,"First",832,7.38924708913556,0.0890193730348695,0.0377417967044124,2
437,"First",833,7.42222443114777,0.177259459614111,0.0664278259811956,3
437,"First",834,11.4709339516685,0.347823557225289,0.0909200217678063,4
437,"First",835,5.96112902977395,0.0123267265979328,0.00342030170578575,5
437,"First",836,8.41373408058433,0.074164286097817,0.0140506780303896,6
437,"First",837,9.15764900789486,0.135367415258566,0.0361404102066073,7
437,"First",838,10.0384242754391,0.0533172841996558,0.0125201754937532,8
437,"First",839,6.79325419186471,0.00724338284184383,0.00216360376326896,9
169,"Second",840,9.61631085798703,0.329445557100675,0.181737294789848,1
169,"Second",841,11.283440709874,0.1026946112309,0.0726401410726954,10
169,"Second",842,6.90549872124547,0.206000606316004,0.153388412239094,2
169,"Second",843,7.38500855443212,0.17189493240915,0.223417537724668,3
169,"Second",844,5.18496462980708,0.209345675945507,0.191509161472034,4
169,"Second",845,7.98460911301558,0.297329233558735,0.265823181552633,5
169,"Second",846,14.5294950124465,0.671014521913243,0.399897395758546,6
169,"Second",847,9.06044557226256,0.32155563482622,0.220254896723509,7
169,"Second",848,8.17209332963726,0.134555897707793,0.165735147954281,8
169,"Second",849,5.71008700943011,0.0117444796958992,0.00993559389141997,9
150,"First",850,8.96943360504187,0.197933506005836,0.0484463764392334,1
150,"First",851,4.64930162570495,0.309561024672744,0.0747968371637191,10
150,"First",852,5.78802108516826,0.243741660759839,0.0904908654585324,2
150,"First",853,4.08625759450136,0.208478565442148,0.0623570473614315,3
150,"First",854,7.44578029008044,0.678197010025747,0.23822019797617,4
150,"First",855,3.51157999764729,0.162522101158349,0.0692440117297636,5
150,"First",856,6.77412876992635,0.469071172348332,0.1933674860233,6
150,"First",857,4.19570589910923,0.304776866158701,0.128121286258099,7
150,"First",858,6.60110057087233,0.0206353325237712,0.00753115839817527,8
150,"First",859,3.75305893579973,0.226500093168922,0.0719438291406547,9
453,"Second",860,9.31912303304713,0.0877964664796285,0.0188612460597634,1
453,"Second",861,11.1614824957845,0.124730812052753,0.0286115404407918,10
453,"Second",862,11.7580579222627,0.0939541545403756,0.0182737383172457,2
453,"Second",863,5.0262126180166,0.0534434708117949,0.0098049692543986,3
453,"Second",864,7.3062298054054,0.0540027043504512,0.0149052751271638,4
453,"Second",865,4.61266951232344,0.0622551311081483,0.0217181824727591,5
453,"Second",866,5.15529697070863,0.0512644075661664,0.0130161073702745,6
453,"Second",867,9.34952537693234,0.159876528103731,0.0383826821797822,7
453,"Second",868,6.76338996642493,0.0531790668971078,0.0109677318061588,8
453,"Second",869,7.14077499343082,0.0809154407477592,0.0271557506376897,9
355,"First",870,5.71631428653762,0.0446495080891127,0.00740604868449672,1
355,"First",871,10.6782532388451,0.127611041635384,0.0373156086523986,10
355,"First",872,5.94895818474066,0.16661579248525,0.038553507504218,2
355,"First",873,7.75651642596828,0.124726486457004,0.0343982710133282,3
355,"First",874,12.9983793462367,0.185027826362529,0.0398141339008853,4
355,"First",875,6.48328564941984,0.0569994222484219,0.00976779114631546,5
355,"First",876,9.38985522498828,0.08361144383893,0.0138377521343846,6
355,"First",877,4.92915154208428,0.0349186250143364,0.0183802796565208,7
355,"First",878,4.07174815018197,0.0163448654466328,0.00347524291613371,8
355,"First",879,6.45055982323669,0.045106899706374,0.014113681752128,9
234,"Second",880,9.54595086504205,0.334285795153299,0.111579898063928,1
234,"Second",881,3.93275822480592,0.140090497910176,0.168377460625323,10
234,"Second",882,6.22659842845423,0.142458355676637,0.273570076521468,2
234,"Second",883,5.00777799513826,0.12855027384439,0.0938793440132408,3
234,"Second",884,4.71393613638424,0.0868592156216245,0.127169362591673,4
234,"Second",885,5.10497715001933,0.129170005187255,0.212415472209545,5
234,"Second",886,4.48025110858824,0.0819532449440706,0.121943814385605,6
234,"Second",887,7.45124707556463,0.140935215367386,0.206908099184812,7
234,"Second",888,6.80023784359865,0.333340179673577,0.489747192440798,8
234,"Second",889,9.48225672243534,0.350448765261111,0.577220001919084,9
188,"First",890,6.91896968777691,0.0798314372586674,0.0558002236454379,1
188,"First",891,8.86291328055809,0.15060624156051,0.212263411495258,10
188,"First",892,6.46407870233935,0.125421996351098,0.102404869625212,2
188,"First",893,4.09599746806148,0.00916663098775914,0.00594037042786349,3
188,"First",894,9.82469763438211,0.0412610577833284,0.0364011791097368,4
188,"First",895,11.958418334524,0.397428799142076,0.51011203743731,5
188,"First",896,11.389978482153,0.325931126919725,0.382162647838952,6
188,"First",897,6.16662210850614,0.197203593627429,0.286971847641978,7
188,"First",898,4.91086987166466,0.0459760787693068,0.0579062160686868,8
188,"First",899,11.8907398353941,0.20830762138833,0.338466381259544,9
204,"Second",900,11.9697151360082,0.242314526184454,0.0401884725477302,1
204,"Second",901,7.68308361999629,0.219083045107601,0.0479232329031824,10
204,"Second",902,11.3521656210481,0.203779744039165,0.0441726490544245,2
204,"Second",903,8.09877191303605,0.141368906487772,0.0274144769074015,3
204,"Second",904,7.63090652991533,0.0873864036508294,0.0339471501928353,4
204,"Second",905,13.0674958820652,0.197808227269481,0.0707575288705252,5
204,"Second",906,9.64766956922711,0.271361072304975,0.0668915162785536,6
204,"Second",907,8.45062416667511,0.131595127157326,0.0417695049928001,7
204,"Second",908,6.7742338849918,0.151291514511759,0.0313889956533027,8
204,"Second",909,9.57902977639974,0.354542368998567,0.099613435664535,9
787,"First",910,11.1038384525845,0.919836937874402,0.335505144738143,1
787,"First",911,11.2651600855318,0.259876379297051,0.0822751948689737,10
787,"First",912,8.2208210910252,0.103685773764641,0.0258480953638833,2
787,"First",913,4.64138770875218,0.0776036224928091,0.0354297009502923,3
787,"First",914,8.12082174558538,0.094753241772115,0.0383405206985962,4
787,"First",915,7.35034740380866,0.173214004921402,0.0716522414896076,5
787,"First",916,7.47277932527373,0.157702937455704,0.05782322460634,6
787,"First",917,11.3382629038101,0.23175334206408,0.0994102989343604,7
787,"First",918,5.90161426547221,0.12967171882055,0.0678819617752308,8
787,"First",919,10.176153254716,0.246801319190184,0.0813462041809868,9
956,"Second",920,5.74092346265584,0.0284208254659746,0.0148047450868376,1
956,"Second",921,2.80643332234561,0.0262749631528132,0.00928879670759989,10
956,"Second",922,4.14216379038088,0.0548031700251831,0.0292307046378789,2
956,"Second",923,3.83154762437131,0.0428815561351743,0.0204732063508693,3
956,"Second",924,2.9953833461126,0.0335784421500347,0.0165743010845642,4
956,"Second",925,5.14471816115927,0.0601267827069219,0.0172643821516781,5
956,"Second",926,6.08441276830305,0.0508378761830516,0.0233019785368263,6
956,"Second",927,5.29652288907297,0.05193766403467,0.0120072542422564,7
956,"Second",928,3.54891846848052,0.0303555165990746,0.0107711683840754,8
956,"Second",929,4.39360210670042,0.053533607435825,0.0125670773689014,9
581,"Second",930,9.19365751688797,0.290130073751423,0.181562893240071,1
581,"Second",931,9.30425089730404,0.225733539511599,0.102946073745165,10
581,"Second",932,15.254094717843,0.370302483023006,0.257025706781814,2
581,"Second",933,8.11718231611706,0.105445922788859,0.0584280749131852,3
581,"Second",934,2.81183832187986,0.0297143367446965,0.0109508206836367,4
581,"Second",935,6.85894297763355,0.109904082603393,0.0813739412424061,5
581,"Second",936,10.5024476136531,0.130585028332553,0.0488254864751401,6
581,"Second",937,11.9571866551144,0.159364846503743,0.0654401859593417,7
581,"Second",938,8.97749226721582,0.119456229395756,0.0336335155718396,8
581,"Second",939,8.77803789200815,0.122218542909231,0.0547347616336882,9
223,"First",940,8.17524012738562,0.179958561004228,0.0905086195405901,1
223,"First",941,10.5363784160972,0.572694525450352,0.723446459521976,10
223,"First",942,12.8734224549116,0.421397543691708,0.235442844159025,2
223,"First",943,7.88056555242238,0.318704080571139,0.18911500053226,3
223,"First",944,13.3299701350072,0.163282258347296,0.0991106583512106,4
223,"First",945,6.14056567804879,0.251371467775377,0.184856713857822,5
223,"First",946,6.06009883271508,0.27268767842894,0.229791727974173,6
223,"First",947,6.03837263696933,0.187948726570448,0.101164645112024,7
223,"First",948,8.34520432114917,0.373570572145947,0.240209371996542,8
223,"First",949,14.1624719282952,0.766488486086062,0.610587626881977,9
760,"First",950,8.75049186434302,0.163615036670255,0.017930523729659,1
760,"First",951,7.69741622197741,0.248809349163406,0.0618412604316033,10
760,"First",952,12.70221431184,0.347008563745688,0.119208757896176,2
760,"First",953,5.81825152589591,0.029501862533348,0.0185108832043586,3
760,"First",954,11.4397690660162,0.286892600243643,0.122787959492836,4
760,"First",955,7.11603079268603,0.117981158107606,0.0886946540002134,5
760,"First",956,3.60867873428683,0.0127711893389851,0.0027145033405998,6
760,"First",957,4.23994416500918,0.0122862709870688,0.00483685703587171,7
760,"First",958,6.2986375291348,0.188220837737494,0.0849849595251387,8
760,"First",959,7.40482244307662,0.112076329492284,0.0719381328801849,9
354,"Second",960,3.37654941248722,0.0263585284494317,0.00897165802373335,1
354,"Second",961,5.26564041599007,0.0919271552811589,0.0439682900492349,10
354,"Second",962,4.68238403079469,0.128347753812718,0.0279213618231694,2
354,"Second",963,2.82762831984023,0.0291977564338125,0.00971721705066344,3
354,"Second",964,4.03735513207157,0.114864523343354,0.038622019313428,4
354,"Second",965,5.62117896101985,0.0694880150671353,0.0139246018168588,5
354,"Second",966,10.6874309866818,0.371245193696925,0.10057478264143,6
354,"Second",967,3.8529790069248,0.0460819131548767,0.0134252444420458,7
354,"Second",968,2.13012776839621,0.0121690812882692,0.00373457174612834,8
354,"Second",969,2.48808932109313,0.0732741173076221,0.0106213003031061,9
654,"First",970,2.44868148515588,0.0108553637225853,0.00385442546951229,1
654,"First",971,7.30109694528654,0.11034197246114,0.0248250712855392,10
654,"First",972,6.20060977525762,0.0880354817977797,0.0238376170739205,2
654,"First",973,9.7784704756071,0.101411307444114,0.0343120940468101,3
654,"First",974,5.69174869052187,0.11083833519061,0.044954003011419,4
654,"First",975,6.68621620742263,0.126615708036622,0.0437884449521594,5
654,"First",976,3.82958542731082,0.0479781962496831,0.029938023065285,6
654,"First",977,3.93612100079757,0.0936476836618084,0.033100400968455,7
654,"First",978,12.2224689968539,0.267774351123991,0.056768384780807,8
654,"First",979,6.35317926955709,0.16744277244031,0.0485573768671247,9
918,"Second",980,5.13863001436881,0.0204421657933819,0.0087487640059108,1
918,"Second",981,4.01112461552727,0.0783877599041955,0.0474516859549946,10
918,"Second",982,4.81468494448696,0.0252689833287647,0.0101131153545615,2
918,"Second",983,2.56121216433412,0.01176301593622,0.00585381525473877,3
918,"Second",984,3.25887762029517,0.0865787792399416,0.053128842399274,4
918,"Second",985,7.01140023173566,0.0272614912546891,0.00871464203017882,5
918,"Second",986,2.77824965365869,0.0244277446929157,0.0105266406159225,6
918,"Second",987,3.35980776151055,0.0626800658377342,0.0373097899899053,7
918,"Second",988,4.06435966664682,0.040799740949056,0.010312526753952,8
918,"Second",989,5.51467822339388,0.0173762897530227,0.00648726838136244,9
716,"First",990,5.67658232805832,0.0505511448912838,0.0167917889946502,1
716,"First",991,4.44605587495782,0.305477936786801,0.164032256549212,10
716,"First",992,4.09274647639304,0.186984924680517,0.063568958369563,2
716,"First",993,2.46134025971156,0.00376952910058561,0.00216291902920477,3
716,"First",994,5.46592710555132,0.0618301347164446,0.0376684461374118,4
716,"First",995,6.88311159424978,0.30236514477665,0.33247586018191,5
716,"First",996,7.29865805045027,0.177786375476286,0.109553649442462,6
716,"First",997,5.4365680324602,0.161727404779564,0.209948812780518,7
716,"First",998,6.42381059808557,0.448933713418445,0.158314672659384,8
716,"First",999,7.00618196230562,0.61461146915004,0.331859032764687,9
926,"Second",1000,7.27060282480704,0.106387920040082,0.0320674367226007,1
926,"Second",1001,5.16261659191776,0.0180680193682897,0.00917637556497218,10
926,"Second",1002,8.02065131807565,0.0613864493011415,0.0115855480917676,2
926,"Second",1003,4.51098063693395,0.0178713080787483,0.00638399067334151,3
926,"Second",1004,9.53378442284308,0.0669435650684974,0.0180844247963441,4
926,"Second",1005,7.45436458353592,0.0370634356437351,0.00984928933919196,5
926,"Second",1006,8.25150432681004,0.0488197804157141,0.0175986416758131,6
926,"Second",1007,8.4368459802899,0.0926810448601375,0.0204218501441332,7
926,"Second",1008,5.68075099200122,0.0313788839457968,0.01401139416361,8
926,"Second",1009,8.2517908609689,0.0284050991200642,0.00892590976397223,9
