"id","trial","center.N","rmse.N","rmse.V","valid.newtons","valid.volts"
23,1,27.0616004349163,2.58602968746211,0.0987071906356008,0.8636,0.8636
23,2,27.0616004349163,2.78885612013789,0.106448953018737,0.8352,0.8352
23,3,27.0616004349163,3.17519061011933,0.12119510706971,0.7284,0.7284
23,4,27.0616004349163,2.88955899510148,0.110292720909251,0.784,0.784
23,5,27.0616004349163,4.60214272512327,0.175661007104213,0.5692,0.5692
23,6,27.0616004349163,7.24044643970408,0.276363465769842,0.376,0.376
23,7,27.0616004349163,4.89538958613248,0.186854062602866,0.6152,0.6152
23,8,27.0616004349163,10.1491532315889,0.387387046512801,0.418,0.418
23,9,27.0616004349163,9.39248254038691,0.358505383426349,0.2812,0.2812
23,10,27.0616004349163,5.19222838403174,0.198184220162286,0.4792,0.4792
43,1,13.85213327483,0.832747719964895,0.0317854773069543,0.966,0.966
43,2,13.85213327483,0.653452260038947,0.0249418779357589,0.992,0.992
43,3,13.85213327483,0.462422902715741,0.0176504027907837,1,1
43,4,13.85213327483,0.465756723940657,0.0177776527325721,1,1
43,5,13.85213327483,1.00363085129024,0.0383079831783748,0.9288,0.9288
43,6,13.85213327483,1.4440552185485,0.0551187151627352,0.8728,0.8728
43,7,13.85213327483,1.36378244499584,0.0520547518987686,0.8168,0.8168
43,8,13.85213327483,1.62238864082461,0.0619255941381203,0.7228,0.7228
43,9,13.85213327483,2.41801171740162,0.0922940462384679,0.536,0.536
43,10,13.85213327483,2.86213345542672,0.109245904630968,0.7472,0.7472
53,1,11.2102413770413,8.66810400237794,0.330856292315658,0.0396,0.0396
53,2,11.2102413770413,3.31657614135281,0.126591707368709,0.3988,0.3988
53,3,11.2102413770413,1.02506171499513,0.0391259862970012,0.9128,0.9128
53,4,11.2102413770413,3.10603751497647,0.118555575211896,0.474,0.474
53,5,11.2102413770413,1.49885975876398,0.0572105713486765,0.7828,0.7828
53,6,11.2102413770413,0.561052509078455,0.0214150352715163,0.9836,0.9836
53,7,11.2102413770413,2.02046486546087,0.0771199231062587,0.7068,0.7068
53,8,11.2102413770413,1.60940537069546,0.0614300305620618,0.7324,0.7324
53,9,11.2102413770413,4.65562854024137,0.177702528349989,0.3816,0.3816
53,10,11.2102413770413,1.58893518526256,0.0606486959526149,0.6912,0.6912
55,1,11.7304594495485,4.89787832762497,0.186949056361883,0.4804,0.4804
55,2,11.7304594495485,1.43340448276667,0.0547121830133467,0.6696,0.6696
55,3,11.7304594495485,0.946656136296175,0.036133292732401,0.8784,0.8784
55,4,11.7304594495485,1.23876139745554,0.0472827740545646,0.726,0.726
55,5,11.7304594495485,1.30468583078241,0.0497990698416888,0.7112,0.7112
55,6,11.7304594495485,1.30004851224387,0.0496220661950405,0.7628,0.7628
55,7,11.7304594495485,1.63839089001322,0.062536390320746,0.6856,0.6856
55,8,11.7304594495485,1.88628475695443,0.0719983494390791,0.5252,0.5252
55,9,11.7304594495485,3.81148605621861,0.145482119783908,0.152,0.152
55,10,11.7304594495485,3.7852245557234,0.14447973417777,0.2112,0.2112
59,1,4.90302277504367,0.391775440247479,0.0149538318350883,0.8792,0.8792
59,2,4.90302277504367,0.314345680272145,0.0119983846815583,0.912,0.912
59,3,4.90302277504367,0.37737479012028,0.0144041677209161,0.9044,0.9044
59,4,4.90302277504367,0.366104533132284,0.0139739888214162,0.904,0.904
59,5,4.90302277504367,0.273944997488309,0.0104563150306618,0.978,0.978
59,6,4.90302277504367,0.362198823222829,0.0138249102340864,0.9004,0.9004
59,7,4.90302277504367,0.764668992647528,0.0291869534198835,0.6796,0.6796
59,8,4.90302277504367,0.478066325849144,0.0182475027996925,0.7968,0.7968
59,9,4.90302277504367,0.314116305883836,0.0119896295997494,0.9356,0.9356
59,10,4.90302277504367,0.463291929996967,0.017683573037023,0.7924,0.7924
60,1,7.26950472640499,0.480555864126959,0.0183425269715241,0.9476,0.9476
60,2,7.26950472640499,0.653008375275396,0.0249249351225389,0.802,0.802
60,3,7.26950472640499,0.562486281796723,0.0214697615098562,0.8916,0.8916
60,4,7.26950472640499,0.543347790454723,0.0207392568592207,0.9076,0.9076
60,5,7.26950472640499,0.947207467263406,0.0361543367022942,0.6728,0.6728
60,6,7.26950472640499,0.711299916579897,0.0271498880331271,0.7716,0.7716
60,7,7.26950472640499,0.716969125070876,0.0273662782957699,0.774,0.774
60,8,7.26950472640499,0.888521687485723,0.033914335947392,0.7644,0.7644
60,9,7.26950472640499,0.802724132567301,0.0306394951168862,0.7492,0.7492
60,10,7.26950472640499,0.974372073735975,0.037191193317912,0.7092,0.7092
70,1,14.5933591182668,2.32530301806706,0.0887554112014604,0.6296,0.6296
70,2,14.5933591182668,3.88430038513548,0.148261398722679,0.414,0.414
70,3,14.5933591182668,3.98971488611007,0.152285006531168,0.4672,0.4672
70,4,14.5933591182668,1.72646835787218,0.0658982540506196,0.6796,0.6796
70,5,14.5933591182668,0.969749628684343,0.037014757383272,0.9532,0.9532
70,6,14.5933591182668,2.46888537927748,0.0942358631733075,0.8204,0.8204
70,7,14.5933591182668,3.80572769063753,0.145262326449007,0.6204,0.6204
70,8,14.5933591182668,3.26802931408217,0.124738704304827,0.7508,0.7508
70,9,14.5933591182668,4.31781565879964,0.164808414779176,0.5552,0.5552
70,10,14.5933591182668,2.77708733702092,0.105999745678114,0.7476,0.7476
84,1,13.1075073414637,0.476710401529429,0.0181957479876877,1,1
84,2,13.1075073414637,0.540346759883904,0.0206247093356198,0.998,0.998
84,3,13.1075073414637,0.536171201286962,0.020465330786937,0.99,0.99
84,4,13.1075073414637,0.6211244618786,0.0237079454131303,0.9616,0.9616
84,5,13.1075073414637,0.457278038721069,0.0174540264407447,0.9872,0.9872
84,6,13.1075073414637,0.508192943240937,0.0193974175823862,0.9996,0.9996
84,7,13.1075073414637,0.511230793745909,0.0195133705006263,0.9968,0.9968
84,8,13.1075073414637,0.422699977277176,0.0161342027282406,0.998,0.998
84,9,13.1075073414637,1.74424722803973,0.0665768627825388,0.9132,0.9132
84,10,13.1075073414637,1.27540865620898,0.0486815777781204,0.9308,0.9308
90,1,18.5714984094117,0.840919259515311,0.0320973800341735,0.9944,0.9944
90,2,18.5714984094117,3.15812212006894,0.120543613117636,0.9084,0.9084
90,3,18.5714984094117,2.32827578557535,0.0888688799410417,0.696,0.696
90,4,18.5714984094117,1.9607200080749,0.0748394979989657,0.7712,0.7712
90,5,18.5714984094117,4.22175752295322,0.161141933774313,0.5408,0.5408
90,6,18.5714984094117,3.86216102545724,0.147416352740839,0.6372,0.6372
90,7,18.5714984094117,1.8573328162774,0.0708932713568227,0.7876,0.7876
90,8,18.5714984094117,6.51320863652512,0.248605238235242,0.4208,0.4208
90,9,18.5714984094117,1.53118511999367,0.0584444108551346,0.9176,0.9176
90,10,18.5714984094117,0.848848796865222,0.0324000456836224,0.9952,0.9952
98,1,9.77199145936346,2.01144858922256,0.0767757772900705,0.9092,0.9092
98,2,9.77199145936346,0.525005195645822,0.0200391310983557,0.9856,0.9856
98,3,9.77199145936346,0.759851022156864,0.0290030543973764,0.8996,0.8996
98,4,9.77199145936346,0.53742881128952,0.0205133330008596,0.9848,0.9848
98,5,9.77199145936346,0.51935477079045,0.0198234577957346,0.9852,0.9852
98,6,9.77199145936346,0.583429154414476,0.0222691383035412,0.96,0.96
98,7,9.77199145936346,0.409207478022149,0.0156192021841349,0.9796,0.9796
98,8,9.77199145936346,0.464544401868798,0.0177313791316004,0.9864,0.9864
98,9,9.77199145936346,0.553852844824276,0.0211402284371265,0.9664,0.9664
98,10,9.77199145936346,0.864651986340076,0.0330032438772501,0.84,0.84
103,1,16.3954220825419,11.6284214684006,0.443849821306181,0.0576,0.0576
103,2,16.3954220825419,8.52868798619964,0.325534867216292,0.1928,0.1928
103,3,16.3954220825419,8.93181435305375,0.340921957061482,0.2176,0.2176
103,4,16.3954220825419,8.81783582324929,0.336571465447127,0.2604,0.2604
103,5,16.3954220825419,7.05916022776229,0.269443880597057,0.4416,0.4416
103,6,16.3954220825419,8.71937000326628,0.332813084593545,0.1592,0.1592
103,7,16.3954220825419,8.54113437155119,0.326009938224787,0.2584,0.2584
103,8,16.3954220825419,8.16467248928078,0.311640615644902,0.2984,0.2984
103,9,16.3954220825419,10.8587472722099,0.414471822291306,0.1292,0.1292
103,10,16.3954220825419,11.3561708315405,0.433458178996926,0,0
104,1,8.7111546771918,2.1615351191009,0.0825044894500134,0.4456,0.4456
104,2,8.7111546771918,3.74571486449105,0.142971673136038,0.1208,0.1208
104,3,8.7111546771918,2.80321814936679,0.106997142996557,0.3452,0.3452
104,4,8.7111546771918,4.58496346577928,0.175005285155131,0.1432,0.1432
104,5,8.7111546771918,2.7783223260601,0.106046884463533,0.3192,0.3192
104,6,8.7111546771918,2.47607279281305,0.0945102024051702,0.3948,0.3948
104,7,8.7111546771918,2.15660628618179,0.0823163588755979,0.3156,0.3156
104,8,8.7111546771918,2.28322802713099,0.0871494342200461,0.4628,0.4628
104,9,8.7111546771918,3.98348280925207,0.152047131923053,0.1912,0.1912
104,10,8.7111546771918,3.20741060093084,0.122424924650973,0.3128,0.3128
108,1,8.40174395368896,0.666585142212954,0.0254431521131705,0.8728,0.8728
108,2,8.40174395368896,0.521013686471714,0.0198867776049358,0.9416,0.9416
108,3,8.40174395368896,0.413322166955759,0.0157762573745471,0.9736,0.9736
108,4,8.40174395368896,0.529786294483712,0.0202216227521551,0.9604,0.9604
108,5,8.40174395368896,1.73066558663706,0.0660584597365188,0.882,0.882
108,6,8.40174395368896,0.391153088352371,0.0149300770392905,0.9984,0.9984
108,7,8.40174395368896,0.418396224993946,0.0159699311040095,0.9756,0.9756
108,8,8.40174395368896,0.511144445600783,0.0195100746441002,0.9668,0.9668
108,9,8.40174395368896,0.52345272103268,0.0199798740804107,0.9432,0.9432
108,10,8.40174395368896,0.851129983975495,0.0324871172172791,0.9072,0.9072
143,1,9.90459605910569,0.740897757945657,0.028279619754405,0.9052,0.9052
143,2,9.90459605910569,0.710345145914394,0.0271134450137178,0.9284,0.9284
143,3,9.90459605910569,1.01643533923627,0.0387967227465274,0.8452,0.8452
143,4,9.90459605910569,0.458866157877151,0.0175146439893565,0.9952,0.9952
143,5,9.90459605910569,0.719613436601879,0.0274672100691583,0.9348,0.9348
143,6,9.90459605910569,1.0756553802161,0.0410571159287033,0.8112,0.8112
143,7,9.90459605910569,1.85132988276088,0.0706641430115988,0.666,0.666
143,8,9.90459605910569,1.86164469044291,0.0710578529883932,0.5788,0.5788
143,9,9.90459605910569,1.42781420501748,0.0544988054894264,0.7492,0.7492
143,10,9.90459605910569,1.67742514606764,0.0640263042890051,0.548,0.548
150,1,11.3020445655829,0.639528849811126,0.0244104297801873,0.9828,0.9828
150,2,11.3020445655829,0.30977875279584,0.0118240678192236,1,1
150,3,11.3020445655829,0.327232667102179,0.0124902731822657,1,1
150,4,11.3020445655829,0.234151704724488,0.00893742908983121,1,1
150,5,11.3020445655829,0.319592882508808,0.0121986672204591,1,1
150,6,11.3020445655829,0.297183281296465,0.0113433062825476,1,1
150,7,11.3020445655829,0.266032600779105,0.010154303629112,1,1
150,8,11.3020445655829,5.13633674096913,0.196050869917521,0.8472,0.8472
150,9,11.3020445655829,0.326996152366254,0.0124812455577027,1,1
150,10,11.3020445655829,0.401981538410567,0.0153433924352291,0.998,0.998
161,1,15.2155808362939,0.756684684912501,0.0288821972179282,0.9916,0.9916
161,2,15.2155808362939,3.48722241662217,0.133105172587586,0.7308,0.7308
161,3,15.2155808362939,0.853125154211063,0.0325632716596459,0.982,0.982
161,4,15.2155808362939,1.06164814239258,0.0405224681244543,0.94,0.94
161,5,15.2155808362939,0.793716720027428,0.0302956876227119,0.9768,0.9768
161,6,15.2155808362939,0.928500253967591,0.0354402936740941,0.9676,0.9676
161,7,15.2155808362939,1.12737685877994,0.0430312935142539,0.9072,0.9072
161,8,15.2155808362939,0.96167939751899,0.0367067215358979,0.954,0.954
161,9,15.2155808362939,1.28563762699642,0.0490720114125127,0.8416,0.8416
161,10,15.2155808362939,2.11265808858601,0.0806388827278146,0.6696,0.6696
164,1,6.55207987886947,0.311493428210095,0.0118895159437419,0.992,0.992
164,2,6.55207987886947,0.305731632110075,0.0116695916680055,0.9808,0.9808
164,3,6.55207987886947,0.352679370766523,0.0134615584856874,0.9816,0.9816
164,4,6.55207987886947,0.397924899155144,0.0151885529659584,0.9608,0.9608
164,5,6.55207987886947,0.485810837271918,0.0185431061212992,0.9168,0.9168
164,6,6.55207987886947,0.397015918751379,0.0151538577331722,0.9528,0.9528
164,7,6.55207987886947,0.294001216075066,0.0112218487757192,0.9832,0.9832
164,8,6.55207987886947,0.296098940517585,0.0113019176501998,0.9876,0.9876
164,9,6.55207987886947,0.320516578224138,0.0122339241277964,0.9868,0.9868
164,10,6.55207987886947,0.35380598696792,0.0135045607453689,0.9856,0.9856
169,1,4.97442524755008,0.40370506427653,0.0154091783761414,0.886,0.886
169,2,4.97442524755008,0.275147166946289,0.0105022011124962,0.9844,0.9844
169,3,4.97442524755008,0.222666674732796,0.00849905243455077,0.986,0.986
169,4,4.97442524755008,0.213937021575837,0.00816584684819408,0.9956,0.9956
169,5,4.97442524755008,0.254022566997854,0.00969588789640268,0.9844,0.9844
169,6,4.97442524755008,0.207874873861714,0.00793445833282619,0.9992,0.9992
169,7,4.97442524755008,0.193431684823842,0.00738317053413648,1,1
169,8,4.97442524755008,0.324768952947571,0.0123962347016134,0.9476,0.9476
169,9,4.97442524755008,2.22439310892796,0.084903740941561,0.7732,0.7732
169,10,4.97442524755008,0.355173339506367,0.0135567517655776,0.9756,0.9756
173,1,7.07229789578247,0.716244862876774,0.0273386336454358,0.886,0.886
173,2,7.07229789578247,0.790364259284682,0.0301677262217902,0.81,0.81
173,3,7.07229789578247,1.2329811768606,0.0470621465269895,0.538,0.538
173,4,7.07229789578247,0.390454454400266,0.0149034106034683,0.972,0.972
173,5,7.07229789578247,0.91849590767914,0.0350584338211054,0.7304,0.7304
173,6,7.07229789578247,0.60236380315896,0.0229918624053956,0.8804,0.8804
173,7,7.07229789578247,0.57808634757862,0.0220652065948556,0.902,0.902
173,8,7.07229789578247,0.546630012280766,0.0208645372831316,0.9124,0.9124
173,9,7.07229789578247,0.452432349403299,0.0172690694073552,0.9292,0.9292
173,10,7.07229789578247,0.777919005059482,0.029692698387705,0.7828,0.7828
175,1,6.87849118331961,0.657812532883859,0.0251083069156784,0.8372,0.8372
175,2,6.87849118331961,0.463058945543985,0.0176746801612269,0.944,0.944
175,3,6.87849118331961,0.442775795708669,0.0169004845875289,0.944,0.944
175,4,6.87849118331961,1.18985061080041,0.0454158788808888,0.9376,0.9376
175,5,6.87849118331961,0.783358906555879,0.0299003361409168,0.882,0.882
175,6,6.87849118331961,0.40380046295301,0.0154128196859808,0.9572,0.9572
175,7,6.87849118331961,0.327999964669607,0.0125195604667967,0.9944,0.9944
175,8,6.87849118331961,0.261357699742668,0.00997586548122706,1,1
175,9,6.87849118331961,0.958433441608515,0.0365828253600715,0.7616,0.7616
175,10,6.87849118331961,0.355610420825094,0.0135734348954194,0.9904,0.9904
176,1,13.4543194166093,1.15054323099802,0.043915539944197,0.9132,0.9132
176,2,13.4543194166093,1.55204141466187,0.0592404830207974,0.8556,0.8556
176,3,13.4543194166093,0.934742023641577,0.0356785382511385,0.9036,0.9036
176,4,13.4543194166093,0.524623350362776,0.020024556294621,0.9984,0.9984
176,5,13.4543194166093,2.21549686322658,0.0845641766184426,0.8332,0.8332
176,6,13.4543194166093,2.46032186993805,0.0939089991960781,0.6988,0.6988
176,7,13.4543194166093,0.676924534356871,0.0258378004640204,0.9796,0.9796
176,8,13.4543194166093,6.85794348817585,0.26176355922653,0.252,0.252
176,9,13.4543194166093,1.16339855486349,0.0444062198886786,0.8828,0.8828
176,10,13.4543194166093,0.516549267663456,0.0197163734365226,1,1
177,1,15.8004012700422,1.53528806381191,0.0586010177415897,0.9092,0.9092
177,2,15.8004012700422,5.12495330005885,0.195616370856096,0.4292,0.4292
177,3,15.8004012700422,2.8476443145605,0.108692862878755,0.5924,0.5924
177,4,15.8004012700422,9.19224830997491,0.350862563837357,0.0388,0.0388
177,5,15.8004012700422,6.24144826543863,0.23823230907434,0.2588,0.2588
177,6,15.8004012700422,4.90451685807058,0.187202445057849,0.2624,0.2624
177,7,15.8004012700422,9.66177473661944,0.3687841038444,0.0392,0.0392
177,8,15.8004012700422,5.78218669955874,0.220702572600433,0.49,0.49
177,9,15.8004012700422,1.93807322617672,0.0739750840175853,0.7252,0.7252
177,10,15.8004012700422,4.5971194117541,0.175469270268106,0.4856,0.4856
188,1,12.2030758774353,1.50305450105499,0.0573706821273707,0.8984,0.8984
188,2,12.2030758774353,1.05578042853747,0.0402985010320037,0.9104,0.9104
188,3,12.2030758774353,4.41756962035982,0.168615963218437,0.6588,0.6588
188,4,12.2030758774353,2.04562767819628,0.0780803724644559,0.892,0.892
188,5,12.2030758774353,0.598591502109462,0.0228478759536418,0.99,0.99
188,6,12.2030758774353,0.776467953284608,0.0296373126182147,0.944,0.944
188,7,12.2030758774353,0.459383943671207,0.0175344075602583,0.9984,0.9984
188,8,12.2030758774353,1.01120479527389,0.0385970760438904,0.9408,0.9408
188,9,12.2030758774353,0.929485249707116,0.0354778903663161,0.9316,0.9316
188,10,12.2030758774353,0.727618108346396,0.0277727435530515,0.9616,0.9616
194,1,3.50217426097051,0.372828480813793,0.0142306378416654,0.7564,0.7564
194,2,3.50217426097051,0.309999236363729,0.011832483543789,0.8328,0.8328
194,3,3.50217426097051,0.287777513009667,0.0109842937902083,0.86,0.86
194,4,3.50217426097051,0.417342845912488,0.0159297242609446,0.672,0.672
194,5,3.50217426097051,0.432151476967729,0.0164949607606294,0.6724,0.6724
194,6,3.50217426097051,0.691680708926523,0.0264010347313456,0.7392,0.7392
194,7,3.50217426097051,0.219786207940691,0.00838910675753622,0.9592,0.9592
194,8,3.50217426097051,0.313461522276226,0.0119646369050813,0.8464,0.8464
194,9,3.50217426097051,0.285687077168561,0.0109045031172396,0.8904,0.8904
194,10,3.50217426097051,1.12342386912056,0.042880410287437,0.4676,0.4676
204,1,11.1456391334329,0.485359056029988,0.0185258619042707,0.988,0.988
204,2,11.1456391334329,0.359756708951489,0.0137316962079273,0.9956,0.9956
204,3,11.1456391334329,0.507765124271711,0.0193810879908283,0.9788,0.9788
204,4,11.1456391334329,0.376668890727162,0.0143772239676004,1,1
204,5,11.1456391334329,0.395472074083476,0.0150949301150225,0.9944,0.9944
204,6,11.1456391334329,0.302716158793248,0.0115544928735161,1,1
204,7,11.1456391334329,0.349738495342572,0.0133493070476954,1,1
204,8,11.1456391334329,0.362019575595878,0.0138180684604709,1,1
204,9,11.1456391334329,0.282892027521657,0.0107978177610465,1,1
204,10,11.1456391334329,0.305996872065194,0.0116797157168287,1,1
214,1,11.5366527154734,2.85141579222319,0.108836817902332,0.8468,0.8468
214,2,11.5366527154734,1.30891747064911,0.0499605889785528,0.7856,0.7856
214,3,11.5366527154734,3.8881697386935,0.148409089610042,0.5504,0.5504
214,4,11.5366527154734,0.848305251933253,0.0323792989019906,0.9076,0.9076
214,5,11.5366527154734,0.724435756672794,0.0276512751125155,0.9292,0.9292
214,6,11.5366527154734,0.465573910961657,0.0177706748716233,0.9988,0.9988
214,7,11.5366527154734,1.21049856626572,0.0462039988650605,0.7932,0.7932
214,8,11.5366527154734,0.931943147336061,0.0355717068336983,0.88,0.88
214,9,11.5366527154734,0.735232864584446,0.0280633941976582,0.9616,0.9616
214,10,11.5366527154734,0.803221854908126,0.0306584928779009,0.9396,0.9396
217,1,15.4773899813472,2.71540894801636,0.103645518837221,0.5856,0.5856
217,2,15.4773899813472,1.95844655721913,0.0747527217534689,0.6648,0.6648
217,3,15.4773899813472,4.25406171373732,0.162374965217654,0.5332,0.5332
217,4,15.4773899813472,3.12624203386818,0.119326769489987,0.496,0.496
217,5,15.4773899813472,2.19305944098061,0.0837077537684877,0.6544,0.6544
217,6,15.4773899813472,2.52499412046941,0.0963774999224935,0.5592,0.5592
217,7,15.4773899813472,7.12196669302379,0.271841165427069,0.3232,0.3232
217,8,15.4773899813472,5.55079075302845,0.211870329135786,0.3508,0.3508
217,9,15.4773899813472,3.84735895866746,0.1468513667952,0.396,0.396
217,10,15.4773899813472,7.62425268011723,0.291013118062416,0.1972,0.1972
223,1,10.8464287438728,0.612352208838251,0.0233731138149644,0.9708,0.9708
223,2,10.8464287438728,0.854125801449913,0.0326014657601402,0.9068,0.9068
223,3,10.8464287438728,0.537032534868955,0.0204982073693253,0.984,0.984
223,4,10.8464287438728,1.22265659668874,0.0466680635401635,0.8736,0.8736
223,5,10.8464287438728,0.398698767915433,0.0152180910689505,0.9896,0.9896
223,6,10.8464287438728,0.516298508802556,0.019706802122316,0.9956,0.9956
223,7,10.8464287438728,0.382182247012563,0.0145876654457255,1,1
223,8,10.8464287438728,0.573557605941273,0.0218923472629212,0.9832,0.9832
223,9,10.8464287438728,0.403583393006322,0.015404534257274,0.9968,0.9968
223,10,10.8464287438728,0.451600768974898,0.0172373284848619,1,1
226,1,4.42020605568183,4.49770022158248,0.171674499850471,0.0676,0.0676
226,2,4.42020605568183,1.08432831960339,0.0413881567847396,0.7604,0.7604
226,3,4.42020605568183,0.588390895354269,0.0224585249572224,0.7148,0.7148
226,4,4.42020605568183,0.359507324407273,0.0137221773505582,0.922,0.922
226,5,4.42020605568183,0.52337406442446,0.019976871805201,0.7044,0.7044
226,6,4.42020605568183,0.47673209940159,0.0181965761823577,0.7656,0.7656
226,7,4.42020605568183,0.614736686291148,0.0234641278785888,0.6376,0.6376
226,8,4.42020605568183,0.275761379141881,0.0105256452208818,0.9536,0.9536
226,9,4.42020605568183,0.533132622430217,0.0203493500679498,0.7576,0.7576
226,10,4.42020605568183,0.556732729513084,0.0212501518956099,0.7156,0.7156
234,1,3.0159574179137,0.470458618242702,0.0179571211970954,0.5732,0.5732
234,2,3.0159574179137,0.30916081468121,0.0118004814947597,0.7768,0.7768
234,3,3.0159574179137,0.225993520365537,0.00862603612220075,0.918,0.918
234,4,3.0159574179137,0.219223808359745,0.00836764030534544,0.9012,0.9012
234,5,3.0159574179137,0.291158819856285,0.0111133562294853,0.7576,0.7576
234,6,3.0159574179137,0.251043039952355,0.0095821611493704,0.8828,0.8828
234,7,3.0159574179137,0.249153570882658,0.00951004125663797,0.8536,0.8536
234,8,3.0159574179137,0.184116050172879,0.00702759838821631,0.968,0.968
234,9,3.0159574179137,0.243180179754741,0.00928204052653694,0.8772,0.8772
234,10,3.0159574179137,0.243163288342153,0.00928139579152461,0.8684,0.8684
235,1,6.64388305816028,0.791558457461311,0.0302133080446319,0.8748,0.8748
235,2,6.64388305816028,0.292423336965623,0.0111616220835002,0.9964,0.9964
235,3,6.64388305816028,0.277755132408932,0.0106017455784164,0.9988,0.9988
235,4,6.64388305816028,0.307663500368708,0.0117433299121611,1,1
235,5,6.64388305816028,0.266390722562268,0.0101679729211904,0.9988,0.9988
235,6,6.64388305816028,0.277121703810142,0.0105775679915318,1,1
235,7,6.64388305816028,0.295752753228476,0.0112887038905483,0.998,0.998
235,8,6.64388305816028,0.262334374931641,0.010013144583062,1,1
235,9,6.64388305816028,0.263156911553318,0.0100445403089171,0.9968,0.9968
235,10,6.64388305816028,0.228011263151132,0.00870305214516325,1,1
239,1,14.1411433478812,4.46617568754924,0.170471227434224,0.5056,0.5056
239,2,14.1411433478812,3.35983321322027,0.128242803665036,0.3836,0.3836
239,3,14.1411433478812,5.71460478544797,0.218123011773273,0.6084,0.6084
239,4,14.1411433478812,6.80849507546596,0.259876143191189,0.0224,0.0224
239,5,14.1411433478812,5.84376853909152,0.223053114206325,0.1584,0.1584
239,6,14.1411433478812,6.03297670245815,0.230275075478383,0.2996,0.2996
239,7,14.1411433478812,8.7288011127168,0.333173064342792,0.378,0.378
239,8,14.1411433478812,9.89570488036358,0.377713076085484,0.0616,0.0616
239,9,14.1411433478812,7.97931420066389,0.304565601765865,0.0716,0.0716
239,10,14.1411433478812,7.60808059327316,0.290395839279101,0.1036,0.1036
249,1,7.95972863741351,0.662951331682508,0.02530445176085,0.886,0.886
249,2,7.95972863741351,0.496851990017521,0.0189645402502966,0.9428,0.9428
249,3,7.95972863741351,0.496432204355892,0.0189485172852358,0.9208,0.9208
249,4,7.95972863741351,0.332666350442586,0.0126976735922205,0.9864,0.9864
249,5,7.95972863741351,1.81288697938211,0.0691968006176613,0.72,0.72
249,6,7.95972863741351,0.417807962551491,0.0159474774820219,0.9456,0.9456
249,7,7.95972863741351,0.320922466075194,0.012249416621825,0.9884,0.9884
249,8,7.95972863741351,0.237660511372873,0.00907135811950352,1,1
249,9,7.95972863741351,0.293214220819347,0.0111918096423278,0.9944,0.9944
249,10,7.95972863741351,0.231010046351245,0.00881751388798217,1,1
256,1,8.75195609142131,0.660737749385789,0.0252199606620783,0.904,0.904
256,2,8.75195609142131,1.83523271814014,0.0700497239642789,0.8212,0.8212
256,3,8.75195609142131,0.599313558329128,0.0228754364032646,0.9252,0.9252
256,4,8.75195609142131,0.864667313492913,0.0330038289054129,0.8628,0.8628
256,5,8.75195609142131,0.604218886233905,0.0230626698054851,0.9208,0.9208
256,6,8.75195609142131,1.2385091323567,0.0472731452481658,0.772,0.772
256,7,8.75195609142131,0.456945558936068,0.0174413358882426,0.9788,0.9788
256,8,8.75195609142131,0.470942379889332,0.0179755860868481,0.9928,0.9928
256,9,8.75195609142131,0.623694761292909,0.0238060521887442,0.936,0.936
256,10,8.75195609142131,0.376160096608066,0.0143578036034988,0.9896,0.9896
259,1,9.75839098762191,0.881368479268906,0.0336413023118786,0.864,0.864
259,2,9.75839098762191,12.5500951022799,0.479029547016294,0,0
259,3,9.75839098762191,5.15494177174565,0.1967610127007,0.0664,0.0664
259,4,9.75839098762191,7.59979300427867,0.290079507014721,0.01,0.01
259,5,9.75839098762191,2.43887182413876,0.0930902639084987,0.214,0.214
259,6,9.75839098762191,4.27596065512996,0.163210834578799,0.178,0.178
259,7,9.75839098762191,1.36095184292137,0.0519467095278968,0.6236,0.6236
259,8,9.75839098762191,4.91203054798925,0.187489238062111,0.1744,0.1744
259,9,9.75839098762191,2.06934980164406,0.0789858315830397,0.682,0.682
259,10,9.75839098762191,1.15891732201691,0.044235173938582,0.738,0.738
264,1,11.9616674850905,1.07003660634925,0.0408426507251898,0.8484,0.8484
264,2,11.9616674850905,2.24516626095211,0.0856966396027371,0.792,0.792
264,3,11.9616674850905,3.12822023666841,0.119402276295599,0.744,0.744
264,4,11.9616674850905,3.4071037794701,0.130047092616897,0.7076,0.7076
264,5,11.9616674850905,3.8864882670521,0.148344908853472,0.444,0.444
264,6,11.9616674850905,1.07565140357333,0.0410569641426517,0.8616,0.8616
264,7,11.9616674850905,2.70826814445691,0.103372958679985,0.6808,0.6808
264,8,11.9616674850905,3.38169088024415,0.129077097608464,0.6796,0.6796
264,9,11.9616674850905,3.81348389249297,0.145558375987365,0.7864,0.7864
264,10,11.9616674850905,0.923462847305312,0.0352480189055045,0.9068,0.9068
281,1,7.77272215840595,0.648379953732166,0.0247482710688257,0.9,0.9
281,2,7.77272215840595,0.334791649067639,0.0127787949565876,0.9864,0.9864
281,3,7.77272215840595,0.484567323822364,0.0184956419642873,0.934,0.934
281,4,7.77272215840595,0.405684831613244,0.0154847448991658,0.9668,0.9668
281,5,7.77272215840595,1.75999876597654,0.0671780894681681,0.9064,0.9064
281,6,7.77272215840595,0.386917678461994,0.0147684140029006,0.9852,0.9852
281,7,7.77272215840595,0.49037247759238,0.0187172211760899,0.9316,0.9316
281,8,7.77272215840595,0.451268295290819,0.0172246381652284,0.9864,0.9864
281,9,7.77272215840595,0.643939038203789,0.0245787640064044,0.9444,0.9444
281,10,7.77272215840595,0.614492768932647,0.0234548177003949,0.9136,0.9136
298,1,9.54078344041871,0.76064597435812,0.0290333972425711,0.9184,0.9184
298,2,9.54078344041871,1.28734562959357,0.049137204839634,0.606,0.606
298,3,9.54078344041871,3.53741214103324,0.135020884042644,0.222,0.222
298,4,9.54078344041871,2.0371180363347,0.0777555645763084,0.5736,0.5736
298,5,9.54078344041871,4.20994601380753,0.16069109560699,0.2084,0.2084
298,6,9.54078344041871,4.30673448868224,0.164385453211277,0.1452,0.1452
298,7,9.54078344041871,2.78344640632482,0.106242467511158,0.534,0.534
298,8,9.54078344041871,5.14015884074687,0.196196757156642,0.3132,0.3132
298,9,9.54078344041871,5.06121891696576,0.193183667963119,0.0444,0.0444
298,10,9.54078344041871,5.14861694225982,0.196519597780824,0.16,0.16
315,1,11.7032585043283,0.626149129526825,0.0238997339412506,0.9896,0.9896
315,2,11.7032585043283,0.596228539730213,0.0227576831073786,0.9904,0.9904
315,3,11.7032585043283,0.69243857865208,0.0264299621608489,0.984,0.984
315,4,11.7032585043283,0.482196105605547,0.0184051339976926,0.9952,0.9952
315,5,11.7032585043283,0.560434449099769,0.021391444295575,0.9936,0.9936
315,6,11.7032585043283,0.528192877782273,0.0201608029994379,0.9896,0.9896
315,7,11.7032585043283,0.484091350024602,0.0184774743320204,0.9984,0.9984
315,8,11.7032585043283,0.602550543299153,0.0229989901637144,0.988,0.988
315,9,11.7032585043283,0.610311561834816,0.0232952235518461,0.9756,0.9756
315,10,11.7032585043283,0.645963261256084,0.0246560273772314,0.9896,0.9896
354,1,14.2397467855843,6.03032366773633,0.230173810746072,0.5148,0.5148
354,2,14.2397467855843,0.679369525282591,0.025931124290339,0.9704,0.9704
354,3,14.2397467855843,3.56245553584545,0.135976775290868,0.6896,0.6896
354,4,14.2397467855843,2.18651965584384,0.083458134121296,0.7172,0.7172
354,5,14.2397467855843,4.63437275065759,0.176891207704782,0.3084,0.3084
354,6,14.2397467855843,1.79621067001548,0.0685602759653225,0.7088,0.7088
354,7,14.2397467855843,5.43115767887691,0.207304006980301,0.3692,0.3692
354,8,14.2397467855843,5.22123647444977,0.19929144144623,0.5824,0.5824
354,9,14.2397467855843,3.04746053881164,0.116319727425155,0.6688,0.6688
354,10,14.2397467855843,1.87730749670081,0.0716556928394522,0.604,0.604
355,1,6.81728906366769,2.07042389450582,0.0790268290585833,0.5908,0.5908
355,2,6.81728906366769,0.578364075874638,0.0220758073161051,0.8716,0.8716
355,3,6.81728906366769,0.534107544882573,0.0203865622688871,0.8828,0.8828
355,4,6.81728906366769,0.586733305763901,0.0223952557641093,0.8964,0.8964
355,5,6.81728906366769,0.573866090703828,0.0219041219399148,0.8644,0.8644
355,6,6.81728906366769,1.18363232326392,0.0451785306028443,0.6852,0.6852
355,7,6.81728906366769,1.89733410726671,0.0724200964642431,0.5004,0.5004
355,8,6.81728906366769,2.80730428128593,0.107153108182981,0.28,0.28
355,9,6.81728906366769,1.23812806430224,0.0472586001107766,0.524,0.524
355,10,6.81728906366769,1.45141559236728,0.0553996561841015,0.4412,0.4412
362,1,10.2242071476865,2.12248735046257,0.0810140597145912,0.3448,0.3448
362,2,10.2242071476865,1.07718493565704,0.0411154981356937,0.7448,0.7448
362,3,10.2242071476865,2.45413767173945,0.0936729520874634,0.5404,0.5404
362,4,10.2242071476865,2.21657442664565,0.0846053065630614,0.3416,0.3416
362,5,10.2242071476865,3.12867020434057,0.119419451289766,0.488,0.488
362,6,10.2242071476865,1.92643452404146,0.073530841789437,0.524,0.524
362,7,10.2242071476865,1.60335815249555,0.0611992118972308,0.5076,0.5076
362,8,10.2242071476865,2.31669607089935,0.0884268892285718,0.4396,0.4396
362,9,10.2242071476865,1.64959694249243,0.0629641185729388,0.5004,0.5004
362,10,10.2242071476865,1.01169543194608,0.038615803349215,0.7656,0.7656
370,1,6.85469035900654,2.12154981879165,0.080978274697189,0.5348,0.5348
370,2,6.85469035900654,3.8889263257068,0.148437968079194,0.0868,0.0868
370,3,6.85469035900654,1.64571486726361,0.0628159421070884,0.63,0.63
370,4,6.85469035900654,5.26396777913133,0.20092246952675,0.1384,0.1384
370,5,6.85469035900654,3.36248799305854,0.128344135007387,0.2724,0.2724
370,6,6.85469035900654,3.70659115353644,0.141478344728289,0.3588,0.3588
370,7,6.85469035900654,3.43927485479987,0.131275043123778,0.3692,0.3692
370,8,6.85469035900654,3.44957099951291,0.131668040746323,0.3288,0.3288
370,9,6.85469035900654,1.4750017278871,0.0562999247256424,0.6504,0.6504
370,10,6.85469035900654,2.19203854589385,0.083668786819873,0.5268,0.5268
416,1,15.7051979421669,2.24698394732831,0.0857660195934315,0.7116,0.7116
416,2,15.7051979421669,0.835796553007064,0.0319018494220033,0.9976,0.9976
416,3,15.7051979421669,0.751294703463075,0.0286764648827465,0.9936,0.9936
416,4,15.7051979421669,0.890170418041207,0.0339772669964963,0.9604,0.9604
416,5,15.7051979421669,0.661351052270569,0.0252433700626195,0.9964,0.9964
416,6,15.7051979421669,0.652898366818215,0.0249207361661978,1,1
416,7,15.7051979421669,0.862078668089899,0.0329050218744952,0.9924,0.9924
416,8,15.7051979421669,0.589828284794537,0.0225133892436557,1,1
416,9,15.7051979421669,1.33295814779564,0.0508782070993413,0.9116,0.9116
416,10,15.7051979421669,2.34430365728358,0.0894806541197595,0.7172,0.7172
418,1,7.45651120413185,3.37219181939765,0.12871452419549,0.5508,0.5508
418,2,7.45651120413185,0.974321729249384,0.037189271699278,0.8036,0.8036
418,3,7.45651120413185,0.587794552664279,0.0224357629170686,0.8904,0.8904
418,4,7.45651120413185,0.503137391677327,0.0192044502338764,0.9152,0.9152
418,5,7.45651120413185,0.357318840551623,0.0136386442441171,0.9788,0.9788
418,6,7.45651120413185,0.595055302609758,0.022712901355386,0.8992,0.8992
418,7,7.45651120413185,0.308547328463307,0.0117770650965039,0.9916,0.9916
418,8,7.45651120413185,0.326229403352328,0.0124519792111274,0.9872,0.9872
418,9,7.45651120413185,0.476413970155556,0.0181844333812572,0.944,0.944
418,10,7.45651120413185,0.821468737879835,0.0313549653757714,0.8212,0.8212
420,1,14.0323395551571,0.56281303350517,0.0214822334251372,0.9984,0.9984
420,2,14.0323395551571,0.574138628395383,0.0219145245389283,0.9924,0.9924
420,3,14.0323395551571,0.682469880600773,0.0260494629795325,0.9836,0.9836
420,4,14.0323395551571,1.01775830699648,0.0388472196265689,0.9224,0.9224
420,5,14.0323395551571,0.608612655120962,0.0232303773090943,0.986,0.986
420,6,14.0323395551571,0.767176575241223,0.0292826663323494,0.9804,0.9804
420,7,14.0323395551571,0.535180769274125,0.0204275265954473,0.9944,0.9944
420,8,14.0323395551571,2.03936084816036,0.0778411713485386,0.6396,0.6396
420,9,14.0323395551571,0.489741549251393,0.0186931390225349,0.9976,0.9976
420,10,14.0323395551571,0.677978547591383,0.0258780315123243,0.9816,0.9816
432,1,9.35037683760407,0.515548757287677,0.0196781845600091,0.9792,0.9792
432,2,9.35037683760407,0.521580467326987,0.0199084112877204,0.982,0.982
432,3,9.35037683760407,0.536486695916166,0.0204773730263051,0.9756,0.9756
432,4,9.35037683760407,1.78098709727976,0.0679792013924104,0.776,0.776
432,5,9.35037683760407,0.451133365813901,0.0172194879886218,0.9988,0.9988
432,6,9.35037683760407,0.25882939629905,0.00987936166643956,1,1
432,7,9.35037683760407,0.942714305846668,0.0359828354458822,0.8724,0.8724
432,8,9.35037683760407,0.301328774080195,0.0115015372373066,0.9964,0.9964
432,9,9.35037683760407,0.238487807821666,0.00910293552508363,1,1
432,10,9.35037683760407,0.224856199300777,0.00858262526435273,1,1
437,1,8.49354713519544,1.94321489698366,0.0741713384855781,0.5528,0.5528
437,2,8.49354713519544,0.759768122922752,0.0289998901836998,0.8528,0.8528
437,3,8.49354713519544,0.54947044899098,0.0209729550361075,0.9452,0.9452
437,4,8.49354713519544,0.652077976462655,0.0248894223620235,0.8992,0.8992
437,5,8.49354713519544,2.94748798937198,0.112503835618611,0.6488,0.6488
437,6,8.49354713519544,0.980305518145338,0.0374176693059024,0.6872,0.6872
437,7,8.49354713519544,1.09037207980126,0.0416188434597223,0.6144,0.6144
437,8,8.49354713519544,1.04484154791,0.0398809705679608,0.6388,0.6388
437,9,8.49354713519544,3.29130451526592,0.125627104670633,0.4292,0.4292
437,10,8.49354713519544,1.95460995141035,0.0746062808279077,0.476,0.476
438,1,5.69865032548373,0.247596275691031,0.00945060024012484,0.9876,0.9876
438,2,5.69865032548373,0.240892855297071,0.00919473473403837,1,1
438,3,5.69865032548373,0.305041158564771,0.0116432367099802,0.9732,0.9732
438,4,5.69865032548373,0.268846229001964,0.0102616981183237,0.9936,0.9936
438,5,5.69865032548373,0.24747591175405,0.00944600602137679,0.9904,0.9904
438,6,5.69865032548373,0.887332449566994,0.0338689434545973,0.932,0.932
438,7,5.69865032548373,0.540067077803683,0.0206140340396077,0.9244,0.9244
438,8,5.69865032548373,0.258068402512129,0.00985031499340164,0.976,0.976
438,9,5.69865032548373,0.328927586133825,0.012554967217597,0.9616,0.9616
438,10,5.69865032548373,0.24111390004646,0.00920317187856254,0.9996,0.9996
453,1,7.8577251033438,0.384198930383566,0.0146646410314732,0.976,0.976
453,2,7.8577251033438,0.374646462929424,0.0143000291205551,0.982,0.982
453,3,7.8577251033438,0.350236839213428,0.0133683285321359,0.9924,0.9924
453,4,7.8577251033438,0.299745760227422,0.0114411145550373,1,1
453,5,7.8577251033438,0.28397060675748,0.0108389864787771,0.9972,0.9972
453,6,7.8577251033438,0.304634357510807,0.0116277093595484,0.9976,0.9976
453,7,7.8577251033438,0.362641622408122,0.0138418116114402,0.9848,0.9848
453,8,7.8577251033438,0.368166931447105,0.0140527093189475,0.9756,0.9756
453,9,7.8577251033438,0.577332707876827,0.0220364406228034,0.9532,0.9532
453,10,7.8577251033438,0.411158080485571,0.0156936555015676,0.982,0.982
467,1,7.46331143969365,0.402871003853548,0.0153773427937535,0.9844,0.9844
467,2,7.46331143969365,0.457686346203174,0.0174696112906284,0.9424,0.9424
467,3,7.46331143969365,0.422990374017829,0.0161452869963674,0.9704,0.9704
467,4,7.46331143969365,0.358508733564387,0.0136840617414553,0.9896,0.9896
467,5,7.46331143969365,0.392361027050363,0.0149761833295302,0.9812,0.9812
467,6,7.46331143969365,0.442763060056666,0.0168999984753871,0.98,0.98
467,7,7.46331143969365,0.424899608543083,0.0162181613245957,0.9676,0.9676
467,8,7.46331143969365,0.372237381958085,0.0142080759554977,0.9828,0.9828
467,9,7.46331143969365,0.336275292503876,0.0128354247300995,0.9884,0.9884
467,10,7.46331143969365,0.374573288537848,0.0142972360982422,0.9904,0.9904
493,1,8.61255125960929,0.359776225178492,0.0137324411305199,0.9996,0.9996
493,2,8.61255125960929,0.84131268482225,0.0321123968404233,0.8632,0.8632
493,3,8.61255125960929,0.584191151982788,0.0222982232903083,0.9756,0.9756
493,4,8.61255125960929,0.815095736074865,0.0311117117475806,0.86,0.86
493,5,8.61255125960929,0.436722582815272,0.0166694371088695,0.9924,0.9924
493,6,8.61255125960929,0.545235676164119,0.0208113163160471,0.9424,0.9424
493,7,8.61255125960929,1.19058646962608,0.0454439661676432,0.8848,0.8848
493,8,8.61255125960929,0.493380827359719,0.0188320480689995,0.968,0.968
493,9,8.61255125960929,0.475547328883196,0.0181513542075345,0.9784,0.9784
493,10,8.61255125960929,0.562022857894081,0.0214520728995031,0.928,0.928
494,1,11.6454564958301,2.97666853983674,0.113617639598334,0.6108,0.6108
494,2,11.6454564958301,2.05852024863362,0.0785724740880805,0.5388,0.5388
494,3,11.6454564958301,1.42227281109328,0.0542872938315691,0.73,0.73
494,4,11.6454564958301,2.26523331088638,0.0864625867737843,0.4768,0.4768
494,5,11.6454564958301,2.46958831707648,0.0942626938843651,0.5848,0.5848
494,6,11.6454564958301,4.65453939688909,0.177660956406317,0.18,0.18
494,7,11.6454564958301,3.85685362656382,0.147213772531922,0.2776,0.2776
494,8,11.6454564958301,4.62805825895261,0.176650187371755,0.3596,0.3596
494,9,11.6454564958301,3.66157810240532,0.139760223764469,0.3152,0.3152
494,10,11.6454564958301,3.64560034734754,0.139150362508017,0.2952,0.2952
509,1,8.32354124363941,2.34581416627156,0.0895383093351485,0.6968,0.6968
509,2,8.32354124363941,0.529948349440748,0.0202278082919481,0.956,0.956
509,3,8.32354124363941,0.527623379266725,0.0201390655852027,0.9612,0.9612
509,4,8.32354124363941,0.540608713110191,0.0206347079319894,0.9368,0.9368
509,5,8.32354124363941,0.715827246379121,0.0273226934760533,0.86,0.86
509,6,8.32354124363941,0.635045980823826,0.024239321379588,0.8932,0.8932
509,7,8.32354124363941,0.577727373657488,0.0220515047771857,0.9284,0.9284
509,8,8.32354124363941,1.43163796485478,0.0546447560920182,0.5524,0.5524
509,9,8.32354124363941,1.37387545582724,0.0524399960237886,0.6212,0.6212
509,10,8.32354124363941,1.10519270103212,0.0421845376171656,0.7004,0.7004
511,1,15.5895939019435,1.5863792009765,0.0605511355767967,0.8416,0.8416
511,2,15.5895939019435,1.14400781275862,0.0436660869788398,0.9176,0.9176
511,3,15.5895939019435,1.14329748385561,0.0436389741538079,0.9272,0.9272
511,4,15.5895939019435,1.84257655253594,0.0703300336858634,0.6872,0.6872
511,5,15.5895939019435,2.89314615764091,0.110429640735941,0.7448,0.7448
511,6,15.5895939019435,1.335530555753,0.0509763943567694,0.8552,0.8552
511,7,15.5895939019435,1.52204924052466,0.0580956998558974,0.8552,0.8552
511,8,15.5895939019435,1.18925560081952,0.0453931677094361,0.9128,0.9128
511,9,15.5895939019435,1.48918140230938,0.0568411543306761,0.848,0.848
511,10,15.5895939019435,2.68737215658587,0.102575371448753,0.532,0.532
525,1,18.2484870570474,1.11035088470864,0.0423814223714128,0.9668,0.9668
525,2,18.2484870570474,4.25327359576789,0.162344883230959,0.6984,0.6984
525,3,18.2484870570474,1.28572870306286,0.0490754877309386,0.928,0.928
525,4,18.2484870570474,1.44343968162927,0.0550952204904488,0.8932,0.8932
525,5,18.2484870570474,5.01663356918811,0.191481872177874,0.57,0.57
525,6,18.2484870570474,1.59748712551762,0.0609751183448843,0.9152,0.9152
525,7,18.2484870570474,4.20014253911309,0.160316902901374,0.7068,0.7068
525,8,18.2484870570474,2.19364698928897,0.0837301801324083,0.754,0.754
525,9,18.2484870570474,4.16474979250137,0.158965983148264,0.6936,0.6936
525,10,18.2484870570474,5.52640483803685,0.210939533495051,0.6064,0.6064
533,1,14.7089631516183,4.27028392845466,0.162994157351604,0.6788,0.6788
533,2,14.7089631516183,0.610211697500449,0.0232914117905435,0.9892,0.9892
533,3,14.7089631516183,0.759581613735869,0.0289927712407294,0.9724,0.9724
533,4,14.7089631516183,0.643703052014556,0.0245697565561493,0.9932,0.9932
533,5,14.7089631516183,4.66601785463098,0.178099082202793,0.84,0.84
533,6,14.7089631516183,3.45114302391305,0.131728043967825,0.7372,0.7372
533,7,14.7089631516183,1.53207184330202,0.058478256548037,0.7816,0.7816
533,8,14.7089631516183,1.3924667851384,0.0531496158303142,0.8528,0.8528
533,9,14.7089631516183,6.25989567696131,0.238936435625837,0.508,0.508
533,10,14.7089631516183,3.21707645146414,0.122793864325514,0.5496,0.5496
535,1,7.20150237096977,1.45830147271,0.055662486076186,0.3128,0.3128
535,2,7.20150237096977,0.945716836861942,0.0360974402405413,0.6384,0.6384
535,3,7.20150237096977,1.22221488526141,0.0466512036818736,0.5348,0.5348
535,4,7.20150237096977,0.826065676586539,0.0315304277486369,0.838,0.838
535,5,7.20150237096977,0.476039973387518,0.0181701581505981,0.954,0.954
535,6,7.20150237096977,0.480225591480426,0.0183299206641638,0.9196,0.9196
535,7,7.20150237096977,0.479328571157669,0.0182956819404431,0.9432,0.9432
535,8,7.20150237096977,1.49835779182872,0.0571914115740572,0.6392,0.6392
535,9,7.20150237096977,1.78118946870956,0.0679869257876087,0.4636,0.4636
535,10,7.20150237096977,1.67951767009892,0.064106174666931,0.3972,0.3972
545,1,10.8158276814753,0.765287847129337,0.029210574721529,0.8984,0.8984
545,2,10.8158276814753,0.44323600121606,0.0169180503536799,0.9976,0.9976
545,3,10.8158276814753,0.526391530773313,0.0200920466725185,0.9648,0.9648
545,4,10.8158276814753,0.516831055299855,0.0197271291003418,0.9608,0.9608
545,5,10.8158276814753,1.23062793380365,0.0469723246613859,0.8088,0.8088
545,6,10.8158276814753,0.327718477667794,0.012508816278018,0.9948,0.9948
545,7,10.8158276814753,0.919215600561592,0.0350859040635746,0.9404,0.9404
545,8,10.8158276814753,0.379156586715928,0.0144721778203721,1,1
545,9,10.8158276814753,1.08200152847499,0.0412993445732659,0.8996,0.8996
545,10,10.8158276814753,0.446463643761745,0.0170412475194376,0.984,0.984
553,1,6.40927493342346,0.358848407448789,0.0136970268883846,0.9864,0.9864
553,2,6.40927493342346,0.358598280884366,0.0136874797085525,0.9756,0.9756
553,3,6.40927493342346,0.332438630467332,0.0126889816583584,0.9828,0.9828
553,4,6.40927493342346,0.35429042273667,0.0135230513659556,0.9732,0.9732
553,5,6.40927493342346,0.329410489563398,0.0125733993497232,0.9888,0.9888
553,6,6.40927493342346,0.309408859558632,0.0118099492178569,0.986,0.986
553,7,6.40927493342346,0.285736447429511,0.0109063875502695,0.9908,0.9908
553,8,6.40927493342346,0.31174625725723,0.0118991662757063,0.9924,0.9924
553,9,6.40927493342346,0.335028369051172,0.0127878304153278,0.9764,0.9764
553,10,6.40927493342346,0.364019334312477,0.0138943980423862,0.9652,0.9652
557,1,9.89439570526229,0.436357978937847,0.0166555203991697,0.9928,0.9928
557,2,9.89439570526229,0.967784382407535,0.0369397451203304,0.8412,0.8412
557,3,9.89439570526229,3.31159864102387,0.126401719188666,0.4136,0.4136
557,4,9.89439570526229,2.91576322476852,0.111292920522482,0.4068,0.4068
557,5,9.89439570526229,1.20491223328645,0.0459907719106245,0.7664,0.7664
557,6,9.89439570526229,0.519844806705416,0.0198421621705186,0.9868,0.9868
557,7,9.89439570526229,0.845320113959652,0.032265357989223,0.89,0.89
557,8,9.89439570526229,4.95484553961228,0.189123460422622,0.1328,0.1328
557,9,9.89439570526229,1.18525649980902,0.0452405244402085,0.8132,0.8132
557,10,9.89439570526229,2.56850498694479,0.0980382834056564,0.4916,0.4916
581,1,8.76895668069367,0.539873465709495,0.0206066439829572,0.9744,0.9744
581,2,8.76895668069367,0.801799322731997,0.0306041956842627,0.8032,0.8032
581,3,8.76895668069367,0.701220073919741,0.0267651465292469,0.908,0.908
581,4,8.76895668069367,2.11606092380333,0.080768766891993,0.452,0.452
581,5,8.76895668069367,1.13307308166183,0.0432487148998754,0.6892,0.6892
581,6,8.76895668069367,1.20854136174273,0.046129293551003,0.6048,0.6048
581,7,8.76895668069367,0.73911870028559,0.0282117141984652,0.8596,0.8596
581,8,8.76895668069367,0.627396331442741,0.0239473388847949,0.926,0.926
581,9,8.76895668069367,2.17829632622679,0.0831442545985262,0.2748,0.2748
581,10,8.76895668069367,0.895530496101945,0.0341818579374001,0.7864,0.7864
586,1,10.0848023108183,1.73498635440431,0.0662233808314938,0.7892,0.7892
586,2,10.0848023108183,1.6751555471893,0.0639396750711592,0.8368,0.8368
586,3,10.0848023108183,0.709855842569325,0.0270947686006842,0.9184,0.9184
586,4,10.0848023108183,1.12084778910333,0.0427820828697022,0.78,0.78
586,5,10.0848023108183,0.878261196215679,0.0335226991952242,0.8388,0.8388
586,6,10.0848023108183,1.99404462065366,0.0761114783256484,0.9092,0.9092
586,7,10.0848023108183,0.65944967400489,0.0251707956030722,0.9528,0.9528
586,8,10.0848023108183,0.842962007645152,0.0321753504960171,0.8736,0.8736
586,9,10.0848023108183,0.813748845703034,0.031060301755908,0.8804,0.8804
586,10,10.0848023108183,0.695450297208041,0.0265449176383847,0.9452,0.9452
597,1,5.2668353729419,0.48615116509149,0.0185560962285389,0.8728,0.8728
597,2,5.2668353729419,0.371868190669565,0.0141939841470882,0.9164,0.9164
597,3,5.2668353729419,0.400613562131436,0.0152911776072154,0.8936,0.8936
597,4,5.2668353729419,0.343944816936881,0.0131281658436154,0.9456,0.9456
597,5,5.2668353729419,0.284711791757543,0.0108672770623895,0.962,0.962
597,6,5.2668353729419,0.300292579523368,0.0114619863171636,0.9676,0.9676
597,7,5.2668353729419,0.312715579868005,0.011936164734074,0.9688,0.9688
597,8,5.2668353729419,0.328095612886478,0.012523211301442,0.9396,0.9396
597,9,5.2668353729419,0.244474310904219,0.00933143673057058,1,1
597,10,5.2668353729419,0.327000597163957,0.0124814152129454,0.9432,0.9432
606,1,10.2140067937501,4.80710302115778,0.183484217762425,0.1924,0.1924
606,2,10.2140067937501,2.96398846844512,0.113133648934888,0.3328,0.3328
606,3,10.2140067937501,1.50715275960238,0.0575271101798687,0.8188,0.8188
606,4,10.2140067937501,0.857079014328548,0.0327141881113229,0.9048,0.9048
606,5,10.2140067937501,0.409351141828028,0.0156246857448005,1,1
606,6,10.2140067937501,0.583465796229318,0.0222705368994739,0.9544,0.9544
606,7,10.2140067937501,1.15678067606069,0.0441536194534405,0.8476,0.8476
606,8,10.2140067937501,0.573492673414491,0.0218898688276076,0.972,0.972
606,9,10.2140067937501,2.59209376694949,0.0989386528855869,0.8516,0.8516
606,10,10.2140067937501,0.438862586824718,0.0167511197688735,0.974,0.974
636,1,9.79239216698507,1.02725853539615,0.0392098376043419,0.86,0.86
636,2,9.79239216698507,0.562765588350355,0.0214804224722453,0.9736,0.9736
636,3,9.79239216698507,1.01031641018733,0.038563166921918,0.75,0.75
636,4,9.79239216698507,2.40596396005995,0.0918341906202507,0.688,0.688
636,5,9.79239216698507,3.40021717624474,0.12978423513282,0.2992,0.2992
636,6,9.79239216698507,0.821112857702536,0.0313413816444344,0.8752,0.8752
636,7,9.79239216698507,1.99546591117398,0.0761657281260347,0.6664,0.6664
636,8,9.79239216698507,1.13309283073127,0.0432494687099228,0.7868,0.7868
636,9,9.79239216698507,1.53962453109845,0.05876653807773,0.6364,0.6364
636,10,9.79239216698507,1.56998964963609,0.0599255563050533,0.638,0.638
637,1,20.3667616635942,6.87637697340555,0.262467154219839,0.3416,0.3416
637,2,20.3667616635942,7.29086170137614,0.278287785845877,0.278,0.278
637,3,20.3667616635942,12.9572209346123,0.494569294042227,0.0488,0.0488
637,4,20.3667616635942,12.9421827644285,0.493995296172697,0.1136,0.1136
637,5,20.3667616635942,13.76898907685,0.525553993543645,0.0848,0.0848
637,6,20.3667616635942,15.8199152396284,0.603836605963143,0.0028,0.0028
637,7,20.3667616635942,14.5846267455179,0.556686390530858,0.0496,0.0496
637,8,20.3667616635942,16.7666148507791,0.639971558104474,0.0212,0.0212
637,9,20.3667616635942,16.3265271970967,0.623173678273852,0.0176,0.0176
637,10,20.3667616635942,14.5614845907077,0.555803068464737,0.0668,0.0668
641,1,10.8872301604515,0.461548610358376,0.0176170315797693,0.986,0.986
641,2,10.8872301604515,0.315838268327204,0.0120553558657661,1,1
641,3,10.8872301604515,0.448021857582961,0.0171007235994871,0.9988,0.9988
641,4,10.8872301604515,0.371101122593338,0.0141647056220977,0.9972,0.9972
641,5,10.8872301604515,0.271679799136576,0.0103698537782578,1,1
641,6,10.8872301604515,0.321352981759668,0.0122658491453746,1,1
641,7,10.8872301604515,0.8354753924382,0.0318895909171419,0.9064,0.9064
641,8,10.8872301604515,0.36555867665256,0.0139531538094034,1,1
641,9,10.8872301604515,0.580957994118155,0.0221748156081589,0.97,0.97
641,10,10.8872301604515,0.526152334867756,0.0200829167093307,0.9896,0.9896
652,1,4.70921606387222,2.51014688331845,0.0958107898514619,0.1488,0.1488
652,2,4.70921606387222,8.85658252469736,0.338050403629809,0.2472,0.2472
652,3,4.70921606387222,2.01206915484573,0.076799463904948,0.168,0.168
652,4,4.70921606387222,0.867983193442556,0.0331303940395647,0.4596,0.4596
652,5,4.70921606387222,1.27370897989522,0.0486167021602052,0.434,0.434
652,6,4.70921606387222,1.73455750441748,0.0662070118866171,0.2348,0.2348
652,7,4.70921606387222,1.45503655527869,0.0555378661505665,0.3196,0.3196
652,8,4.70921606387222,1.04756773263356,0.0399850273916392,0.6696,0.6696
652,9,4.70921606387222,1.45866550590659,0.0556763810033432,0.3088,0.3088
652,10,4.70921606387222,1.09214771941223,0.041686618550793,0.698,0.698
654,1,12.7742957452025,3.76592823841271,0.143743205405272,0.6348,0.6348
654,2,12.7742957452025,0.943316951267125,0.0360058380574497,0.9204,0.9204
654,3,12.7742957452025,0.470713152316505,0.0179668366088975,0.9832,0.9832
654,4,12.7742957452025,0.295260661311673,0.0112699210394165,1,1
654,5,12.7742957452025,0.322154049123992,0.0122964254026486,1,1
654,6,12.7742957452025,0.363725642423299,0.0138831880004313,1,1
654,7,12.7742957452025,0.326627360621303,0.0124671689996299,1,1
654,8,12.7742957452025,0.406709906799322,0.0155238713996459,0.9976,0.9976
654,9,12.7742957452025,0.299508340013477,0.0114320523689254,1,1
654,10,12.7742957452025,0.437576891364924,0.0167020455500181,0.9956,0.9956
675,1,8.64655243806408,1.99242916224659,0.0760498172543451,0.8636,0.8636
675,2,8.64655243806408,4.37524466317411,0.167000445176309,0.4464,0.4464
675,3,8.64655243806408,1.65369688179872,0.0631206107789885,0.6804,0.6804
675,4,8.64655243806408,2.4397273009905,0.0931229169430322,0.6528,0.6528
675,5,8.64655243806408,1.46011566801503,0.0557317328148032,0.6144,0.6144
675,6,8.64655243806408,2.96373625649734,0.113124022157233,0.4552,0.4552
675,7,8.64655243806408,1.41304029182758,0.0539348941496845,0.5356,0.5356
675,8,8.64655243806408,1.12215185463264,0.0428318582630116,0.7148,0.7148
675,9,8.64655243806408,0.577115796006338,0.0220281612277697,0.9384,0.9384
675,10,8.64655243806408,5.16999450540424,0.197335566449263,0.042,0.042
692,1,17.830272370878,6.69751301058657,0.255640024832496,0.6268,0.6268
692,2,17.830272370878,1.37928346975523,0.0526464166477815,0.912,0.912
692,3,17.830272370878,5.73358218620681,0.218847367693683,0.7672,0.7672
692,4,17.830272370878,1.36617408162027,0.0521460392236448,0.9044,0.9044
692,5,17.830272370878,2.19205251742238,0.0836693201046748,0.904,0.904
692,6,17.830272370878,1.42504222884013,0.0543930008336247,0.9404,0.9404
692,7,17.830272370878,3.01653874505208,0.115139461240966,0.7132,0.7132
692,8,17.830272370878,2.32047218984968,0.0885710214072933,0.818,0.818
692,9,17.830272370878,6.62053353371473,0.252701764712956,0.3152,0.3152
692,10,17.830272370878,11.2100137455676,0.4278794513366,0.284,0.284
695,1,5.78705338666157,0.604839447662986,0.0230863562602766,0.846,0.846
695,2,5.78705338666157,0.366542695047414,0.0139907131969699,0.9628,0.9628
695,3,5.78705338666157,0.315020746583712,0.0120241515547812,0.984,0.984
695,4,5.78705338666157,0.350523108617507,0.0133792552623194,0.9676,0.9676
695,5,5.78705338666157,0.397931964524666,0.015188822646844,0.946,0.946
695,6,5.78705338666157,0.406032399450105,0.0154980113534908,0.9216,0.9216
695,7,5.78705338666157,0.33349533608868,0.012729315473441,0.9712,0.9712
695,8,5.78705338666157,0.408048723211176,0.0155749732131446,0.9272,0.9272
695,9,5.78705338666157,0.290927262975862,0.0111045178432712,0.9772,0.9772
695,10,5.78705338666157,0.429799729186031,0.0164051959687786,0.8856,0.8856
716,1,11.9718678396486,2.14411645822143,0.0818396296889739,0.8392,0.8392
716,2,11.9718678396486,0.616735695335361,0.0235404288459621,0.9816,0.9816
716,3,11.9718678396486,4.13864617550236,0.157969623859779,0.7048,0.7048
716,4,11.9718678396486,1.21688835110018,0.0464478930913464,0.8712,0.8712
716,5,11.9718678396486,0.370944587767002,0.0141587307823582,1,1
716,6,11.9718678396486,0.610846036646976,0.0233156241324851,0.9376,0.9376
716,7,11.9718678396486,0.406837969282695,0.0155287594672581,1,1
716,8,11.9718678396486,0.318874744046855,0.0121712563092811,1,1
716,9,11.9718678396486,0.273272967465447,0.0104306640507442,1,1
716,10,11.9718678396486,0.361555441634951,0.0138003527476221,1,1
723,1,5.33143760993315,0.841677361018031,0.0321263163104711,0.5436,0.5436
723,2,5.33143760993315,0.280422045416876,0.0107035400365234,0.9796,0.9796
723,3,5.33143760993315,0.391097810074414,0.0149279671008212,0.9348,0.9348
723,4,5.33143760993315,0.51080226312928,0.019497013745917,0.876,0.876
723,5,5.33143760993315,0.604043774612357,0.0230559859006969,0.8004,0.8004
723,6,5.33143760993315,0.332044944205725,0.0126739548916266,0.9352,0.9352
723,7,5.33143760993315,0.501210817751003,0.019130914071186,0.8364,0.8364
723,8,5.33143760993315,0.389589459373707,0.0148703942659532,0.9148,0.9148
723,9,5.33143760993315,0.358196998342003,0.013672162996374,0.9472,0.9472
723,10,5.33143760993315,0.359914896947835,0.0137377341481673,0.9344,0.9344
726,1,5.78365326892363,2.02008265454368,0.0771053343464896,0.6224,0.6224
726,2,5.78365326892363,0.515051059495439,0.019659187735999,0.8832,0.8832
726,3,5.78365326892363,0.531231169554263,0.0202767727605734,0.9424,0.9424
726,4,5.78365326892363,0.283916487571506,0.0108369207821484,0.9828,0.9828
726,5,5.78365326892363,0.392595398931924,0.0149851291626369,0.9264,0.9264
726,6,5.78365326892363,0.285283724822216,0.0108891074018938,0.9772,0.9772
726,7,5.78365326892363,0.436354215561166,0.0166553767533557,0.9088,0.9088
726,8,5.78365326892363,0.190690906903241,0.00727855669694418,1,1
726,9,5.78365326892363,0.294910734692066,0.0112565645517793,0.988,0.988
726,10,5.78365326892363,0.274338656870887,0.0104713407714373,0.9912,0.9912
732,1,9.81279287461789,0.96976394801231,0.0370153039433685,0.8544,0.8544
732,2,9.81279287461789,0.529885826323656,0.0202254218223465,0.9836,0.9836
732,3,9.81279287461789,0.688397164910247,0.0262757038402324,0.928,0.928
732,4,9.81279287461789,0.503541356309848,0.0192198693198156,0.9896,0.9896
732,5,9.81279287461789,0.645626114832668,0.0246431587019607,0.962,0.962
732,6,9.81279287461789,0.555358549533966,0.0211977002761161,0.9868,0.9868
732,7,9.81279287461789,0.577055044915389,0.0220258423953353,0.9812,0.9812
732,8,9.81279287461789,1.13240697475233,0.0432232900016159,0.8412,0.8412
732,9,9.81279287461789,0.500423181134868,0.0191008504574552,0.9932,0.9932
732,10,9.81279287461789,0.942455990618615,0.0359729757097071,0.8928,0.8928
744,1,11.0674364176822,0.500562123445058,0.0191061538014832,0.9912,0.9912
744,2,11.0674364176822,0.570402240241445,0.0217719088606987,0.986,0.986
744,3,11.0674364176822,0.597507104084961,0.0228064851362633,0.99,0.99
744,4,11.0674364176822,0.568871531334653,0.0217134826266137,0.9764,0.9764
744,5,11.0674364176822,0.588453275815891,0.0224609059817509,0.9816,0.9816
744,6,11.0674364176822,0.481047115520052,0.0183612777403738,0.9924,0.9924
744,7,11.0674364176822,0.607082171307295,0.0231719596666779,0.9708,0.9708
744,8,11.0674364176822,0.803782260090376,0.0306798832050985,0.928,0.928
744,9,11.0674364176822,0.354851194509027,0.0135444556856761,1,1
744,10,11.0674364176822,0.418780180465103,0.0159845864523495,0.9992,0.9992
760,1,10.0644016030311,1.18325267180795,0.0451640395361638,0.8204,0.8204
760,2,10.0644016030311,0.435339043981446,0.0166166282675463,1,1
760,3,10.0644016030311,0.950493934091787,0.0362797791553795,0.906,0.906
760,4,10.0644016030311,0.433948374843093,0.0165635472668076,0.9964,0.9964
760,5,10.0644016030311,0.406140108775989,0.0155021225533795,1,1
760,6,10.0644016030311,3.8906172675799,0.148502510308787,0.7592,0.7592
760,7,10.0644016030311,4.31762409841819,0.164801103035161,0.58,0.58
760,8,10.0644016030311,0.349954449222819,0.0133575498768205,0.9952,0.9952
760,9,10.0644016030311,0.425253546017605,0.0162316709041416,1,1
760,10,10.0644016030311,0.46197073529549,0.017633143833562,0.9756,0.9756
765,1,7.47351179303743,1.88802240666439,0.0720646744785828,0.836,0.836
765,2,7.47351179303743,0.162636313554094,0.00620772981999673,1,1
765,3,7.47351179303743,0.238451586333051,0.009101552972749,1,1
765,4,7.47351179303743,0.182344225061635,0.00695996889429502,1,1
765,5,7.47351179303743,0.196904645960515,0.0075157313622854,1,1
765,6,7.47351179303743,0.208325424724025,0.0079516555870081,1,1
765,7,7.47351179303743,0.268064622885481,0.0102318646851209,1,1
765,8,7.47351179303743,0.199866256114297,0.00762877423238662,1,1
765,9,7.47351179303743,0.207515293232702,0.00792073335748318,1,1
765,10,7.47351179303743,0.179501279420302,0.00685145537693431,1,1
787,1,6.47387717063221,0.509951714812751,0.0194645488305947,0.886,0.886
787,2,6.47387717063221,0.81129259806036,0.0309665482675049,0.8724,0.8724
787,3,6.47387717063221,0.697660751934347,0.0266292893596835,0.75,0.75
787,4,6.47387717063221,0.462659486357008,0.0176594330454219,0.9316,0.9316
787,5,6.47387717063221,0.506872772266268,0.0193470274539589,0.9252,0.9252
787,6,6.47387717063221,0.484238693864835,0.0184830983573737,0.9176,0.9176
787,7,6.47387717063221,0.467033292736306,0.0178263785921717,0.9164,0.9164
787,8,6.47387717063221,0.4704448417726,0.0179565953575556,0.9448,0.9448
787,9,6.47387717063221,0.408915969382007,0.0156080754754764,0.9684,0.9684
787,10,6.47387717063221,0.646379258508875,0.0246719057410159,0.8664,0.8664
803,1,9.28917471545931,2.04889726027245,0.0782051704367514,0.4604,0.4604
803,2,9.28917471545931,1.29286580052213,0.049347906428571,0.5332,0.5332
803,3,9.28917471545931,1.33092395244573,0.0508005630919398,0.628,0.628
803,4,9.28917471545931,1.41963366212775,0.0541865591101855,0.5556,0.5556
803,5,9.28917471545931,2.52818423933274,0.0964992648319685,0.2176,0.2176
803,6,9.28917471545931,1.52898973919962,0.0583606144967221,0.3684,0.3684
803,7,9.28917471545931,1.23502151879058,0.0471400251456384,0.634,0.634
803,8,9.28917471545931,1.0910721491219,0.0416455646826941,0.654,0.654
803,9,9.28917471545931,0.896283702327135,0.0342106073639121,0.7732,0.7732
803,10,9.28917471545931,0.808125298849262,0.0308456543703676,0.8888,0.8888
809,1,7.05869742472034,2.93768982383379,0.112129845560281,0.41,0.41
809,2,7.05869742472034,0.722739939256729,0.0275865467863937,0.7564,0.7564
809,3,7.05869742472034,2.31881419401528,0.0885077367080912,0.4096,0.4096
809,4,7.05869742472034,2.34489788527518,0.0895033354431536,0.5272,0.5272
809,5,7.05869742472034,3.79250441591774,0.14475760204274,0.2316,0.2316
809,6,7.05869742472034,2.67581551652906,0.102134261480555,0.3672,0.3672
809,7,7.05869742472034,5.44446351565159,0.207811882730317,0.1356,0.1356
809,8,7.05869742472034,3.96430864633648,0.151315265710007,0.374,0.374
809,9,7.05869742472034,0.454311280673201,0.0173407870786366,0.9528,0.9528
809,10,7.05869742472034,0.318991087976432,0.0121756970867755,0.992,0.992
821,1,8.63295196667942,1.23557700138099,0.0471612275804798,0.6776,0.6776
821,2,8.63295196667942,3.46370392768678,0.1322074860753,0.328,0.328
821,3,8.63295196667942,1.46089296316388,0.0557614017009764,0.6272,0.6272
821,4,8.63295196667942,3.36817890791112,0.128561353788737,0.3172,0.3172
821,5,8.63295196667942,5.26859097227703,0.201098934015689,0.1556,0.1556
821,6,8.63295196667942,4.78900707042768,0.182793506257021,0.2132,0.2132
821,7,8.63295196667942,3.95433831282559,0.150934704104187,0.4528,0.4528
821,8,8.63295196667942,5.16753525603317,0.197241698386701,0.2364,0.2364
821,9,8.63295196667942,5.46350729051499,0.208538772110195,0.1564,0.1564
821,10,8.63295196667942,6.57863822734538,0.251102646182884,0.162,0.162
831,1,9.2109720039597,1.37713680133987,0.0525644796114306,0.6496,0.6496
831,2,9.2109720039597,0.644871529918919,0.0246143566517393,0.9368,0.9368
831,3,9.2109720039597,1.85214106107985,0.0706951051979027,0.5612,0.5612
831,4,9.2109720039597,0.87677286726877,0.0334658905786011,0.86,0.86
831,5,9.2109720039597,1.08885097356929,0.0415607837539328,0.78,0.78
831,6,9.2109720039597,5.47842549053965,0.209108190791238,0.0536,0.0536
831,7,9.2109720039597,0.906793169387588,0.0346117473715633,0.8368,0.8368
831,8,9.2109720039597,6.28345133929365,0.239835541024224,0.2424,0.2424
831,9,9.2109720039597,1.05782934791673,0.0403767070467089,0.8856,0.8856
831,10,9.2109720039597,6.12678055944163,0.233855512021132,0.2108,0.2108
862,1,13.9065351705991,1.47980349941606,0.0564832054435687,0.8972,0.8972
862,2,13.9065351705991,1.16175799695925,0.044343600784734,0.9736,0.9736
862,3,13.9065351705991,1.34270468493909,0.0512502265330392,0.9464,0.9464
862,4,13.9065351705991,0.446221567275843,0.0170320076062385,0.9984,0.9984
862,5,13.9065351705991,0.43212637741275,0.0164940027257815,0.9996,0.9996
862,6,13.9065351705991,0.578749757674032,0.0220905285573507,0.9884,0.9884
862,7,13.9065351705991,0.493680844949058,0.0188434995591075,1,1
862,8,13.9065351705991,0.560236582538768,0.0213838918484968,1,1
862,9,13.9065351705991,0.54705627942898,0.0208808076426192,0.9968,0.9968
862,10,13.9065351705991,0.419747388790723,0.0160215042097303,1,1
867,1,13.1347082883255,5.01520567784742,0.191427370428162,0.448,0.448
867,2,13.1347082883255,1.74531708500642,0.0666176985765265,0.6788,0.6788
867,3,13.1347082883255,1.04594077506756,0.0399229274043879,0.9004,0.9004
867,4,13.1347082883255,1.02704628087258,0.0392017359774258,0.8744,0.8744
867,5,13.1347082883255,4.23678842262778,0.161715654132897,0.4364,0.4364
867,6,13.1347082883255,4.45313702368163,0.169973549512639,0.3176,0.3176
867,7,13.1347082883255,4.72253968549321,0.180256486335097,0.3964,0.3964
867,8,13.1347082883255,4.04691336990547,0.154468238097083,0.3644,0.3644
867,9,13.1347082883255,4.40461880519694,0.168121638428831,0.282,0.282
867,10,13.1347082883255,5.0821270273968,0.193981717905141,0.272,0.272
876,1,8.06173217164681,2.1232255920046,0.0810422379481888,0.6548,0.6548
876,2,8.06173217164681,4.87057711092767,0.18590698541653,0.052,0.052
876,3,8.06173217164681,3.50618991422671,0.133829150510581,0.3584,0.3584
876,4,8.06173217164681,4.39150308692147,0.167621019387056,0.1416,0.1416
876,5,8.06173217164681,4.5576020494398,0.17396091642581,0.0688,0.0688
876,6,8.06173217164681,4.45925629342739,0.17020711834144,0.1764,0.1764
876,7,8.06173217164681,3.67481301572077,0.1402653924089,0.1524,0.1524
876,8,8.06173217164681,5.16005370326908,0.196956132038211,0.0776,0.0776
876,9,8.06173217164681,6.07200611096607,0.231764804418721,0.0424,0.0424
876,10,8.06173217164681,6.48865844451038,0.247668172239795,0.0028,0.0028
889,1,6.50447823037222,1.29022662213309,0.0492471705841098,0.9072,0.9072
889,2,6.50447823037222,1.46918429363496,0.0560778767752572,0.8392,0.8392
889,3,6.50447823037222,0.231885617457002,0.00885093390805,0.9936,0.9936
889,4,6.50447823037222,0.218495441366396,0.00833983897730431,0.9996,0.9996
889,5,6.50447823037222,0.340928382674,0.0130130303703958,0.9752,0.9752
889,6,6.50447823037222,0.264145409313598,0.0100822706711553,0.998,0.998
889,7,6.50447823037222,0.229977097893039,0.00877808686946215,1,1
889,8,6.50447823037222,0.45734938185262,0.0174567495649689,0.908,0.908
889,9,6.50447823037222,0.263279106207948,0.0100492044050516,0.9868,0.9868
889,10,6.50447823037222,0.254673890611865,0.00972074852520572,0.998,0.998
900,1,12.4852856912886,5.10111251915636,0.194706382654161,0.27,0.27
900,2,12.4852856912886,6.62555716574647,0.252893513712221,0.288,0.288
900,3,12.4852856912886,5.92996676617459,0.226343248451261,0.1728,0.1728
900,4,12.4852856912886,5.95324014172215,0.227231579133637,0.1924,0.1924
900,5,12.4852856912886,11.6126981668252,0.443249672385405,0.0896,0.0896
900,6,12.4852856912886,5.85261936404819,0.223390944847063,0.6464,0.6464
900,7,12.4852856912886,10.7058965802066,0.40863760373322,0.2176,0.2176
900,8,12.4852856912886,4.20281836632781,0.160419037609367,0.2436,0.2436
900,9,12.4852856912886,4.38872588196044,0.16751501515174,0.2116,0.2116
900,10,12.4852856912886,6.14070737422388,0.234387090126489,0.1684,0.1684
909,1,7.35450767077404,1.62828535645911,0.0621506682109663,0.3972,0.3972
909,2,7.35450767077404,0.730784092065969,0.027893587238672,0.9008,0.9008
909,3,7.35450767077404,1.24865767468876,0.0476605089770127,0.5408,0.5408
909,4,7.35450767077404,1.84228542395478,0.0703189214838268,0.5324,0.5324
909,5,7.35450767077404,2.48231564050283,0.0947484881294258,0.2824,0.2824
909,6,7.35450767077404,0.944350101069446,0.0360452727611529,0.6512,0.6512
909,7,7.35450767077404,1.7366546534753,0.0662870587990113,0.5584,0.5584
909,8,7.35450767077404,3.07692295699849,0.11744429012552,0.266,0.266
909,9,7.35450767077404,2.39428495477063,0.0913884100450639,0.4948,0.4948
909,10,7.35450767077404,3.35283070473411,0.127975522147185,0.4372,0.4372
912,1,8.18073629513434,1.23510970023727,0.0471433909781774,0.7164,0.7164
912,2,8.18073629513434,0.650875549958241,0.0248435264688821,0.8868,0.8868
912,3,8.18073629513434,0.579612424787969,0.0221234560398477,0.9328,0.9328
912,4,8.18073629513434,0.75411429342179,0.0287840869278137,0.854,0.854
912,5,8.18073629513434,0.758479128232705,0.0289506900352191,0.8544,0.8544
912,6,8.18073629513434,0.458702867252659,0.0175084112848834,0.9616,0.9616
912,7,8.18073629513434,0.788536874486278,0.0300979760481804,0.8236,0.8236
912,8,8.18073629513434,0.75637868418331,0.0288705173549872,0.8448,0.8448
912,9,8.18073629513434,0.938422188555601,0.0358190079222719,0.7692,0.7692
912,10,8.18073629513434,1.2607224299011,0.048121013393683,0.614,0.614
918,1,4.04279298539573,1.65157777663049,0.0630397258151263,0.4356,0.4356
918,2,4.04279298539573,1.87407519536131,0.0715323178503498,0.2004,0.2004
918,3,4.04279298539573,1.21581639302708,0.0464069770993963,0.6156,0.6156
918,4,4.04279298539573,0.403681177355975,0.0154082666268169,0.7588,0.7588
918,5,4.04279298539573,3.92423023007841,0.149785496777679,0.5156,0.5156
918,6,4.04279298539573,1.68425353904354,0.0642869399230331,0.596,0.596
918,7,4.04279298539573,0.414049557502415,0.0158040214322079,0.7792,0.7792
918,8,4.04279298539573,1.63222683175288,0.0623011119414056,0.4352,0.4352
918,9,4.04279298539573,2.43534362648253,0.0929555947357735,0.5032,0.5032
918,10,4.04279298539573,0.456431907840781,0.0174217301362946,0.71,0.71
921,1,3.89998803959432,0.92224424301739,0.0352015055161415,0.6996,0.6996
921,2,3.89998803959432,0.967931064933262,0.0369453439037086,0.5572,0.5572
921,3,3.89998803959432,0.31998116611124,0.0122134877709546,0.8944,0.8944
921,4,3.89998803959432,0.425292290659337,0.0162331497637061,0.6832,0.6832
921,5,3.89998803959432,0.579058066770703,0.0221022965292837,0.5456,0.5456
921,6,3.89998803959432,0.298612489430069,0.011397858293449,0.908,0.908
921,7,3.89998803959432,0.381700082604039,0.0145692615215863,0.7896,0.7896
921,8,3.89998803959432,0.534333444265685,0.0203951847118472,0.5608,0.5608
921,9,3.89998803959432,2.27553484481875,0.0868557900995745,0.1296,0.1296
921,10,3.89998803959432,1.03007909666102,0.0393174967235778,0.2436,0.2436
926,1,13.0327047377734,9.0914712544241,0.34701596451865,0,0
926,2,13.0327047377734,10.9992216222218,0.419833643353632,0.0052,0.0052
926,3,13.0327047377734,11.1124068350141,0.424153854536972,0.0056,0.0056
926,4,13.0327047377734,10.6420840295498,0.406201917231566,0,0
926,5,13.0327047377734,11.7511131477065,0.448532888572331,0.01,0.01
926,6,13.0327047377734,12.455185403681,0.475406901167258,0.0052,0.0052
926,7,13.0327047377734,10.6880135045384,0.407955017540304,0.0068,0.0068
926,8,13.0327047377734,11.2149075956876,0.42806624663871,0.0124,0.0124
926,9,13.0327047377734,11.5480443316637,0.440781874562531,0.0076,0.0076
926,10,13.0327047377734,11.7778880584246,0.449554870736465,0,0
956,1,5.37223902276889,0.445605741142351,0.0170085018948185,0.918,0.918
956,2,5.37223902276889,0.273552520964432,0.0104413344388882,0.9964,0.9964
956,3,5.37223902276889,0.286601274169166,0.0109393974643752,0.9836,0.9836
956,4,5.37223902276889,0.328277976115504,0.0125301719957061,0.98,0.98
956,5,5.37223902276889,0.374379853986474,0.0142898528182936,0.968,0.968
956,6,5.37223902276889,0.379889718031945,0.0145001609997307,0.9356,0.9356
956,7,5.37223902276889,0.342274286197486,0.0130644026946634,0.9492,0.9492
956,8,5.37223902276889,0.325490729914951,0.0124237844923452,0.9652,0.9652
956,9,5.37223902276889,0.341245755049537,0.0130251442822068,0.9576,0.9576
956,10,5.37223902276889,0.298446552673757,0.0113915245877231,1,1
962,1,12.505686400856,4.43047771554903,0.169108657412459,0.362,0.362
962,2,12.505686400856,5.13608256098608,0.196041168021149,0.2688,0.2688
962,3,12.505686400856,2.81124501934816,0.107303523773738,0.5008,0.5008
962,4,12.505686400856,4.55619091209295,0.173907054165921,0.3148,0.3148
962,5,12.505686400856,5.36706987422523,0.204857814199978,0.138,0.138
962,6,12.505686400856,6.99578005720786,0.267024697782658,0.1512,0.1512
962,7,12.505686400856,5.66628926574954,0.216278837579661,0.1208,0.1208
962,8,12.505686400856,6.69366975526945,0.255493330099219,0.0884,0.0884
962,9,12.505686400856,5.22446497309423,0.19941467128876,0.3484,0.3484
962,10,12.505686400856,4.40504400374201,0.168137868000382,0.196,0.196
988,1,9.28577459756501,2.81053114320917,0.107276275552852,0.5284,0.5284
988,2,9.28577459756501,2.60528766100538,0.0994422558496653,0.7372,0.7372
988,3,9.28577459756501,1.42337352594475,0.0543293074523741,0.7676,0.7676
988,4,9.28577459756501,1.62809342250052,0.0621433422077376,0.6976,0.6976
988,5,9.28577459756501,2.50774731190967,0.0957191996606614,0.6984,0.6984
988,6,9.28577459756501,2.07819762406502,0.0793235476188031,0.5416,0.5416
988,7,9.28577459756501,1.30016080986555,0.0496263525274074,0.6452,0.6452
988,8,9.28577459756501,1.08606563200837,0.0414544689495158,0.6908,0.6908
988,9,9.28577459756501,0.690545651825346,0.0263577102876196,0.9456,0.9456
988,10,9.28577459756501,1.10505774003729,0.042179386237539,0.6468,0.6468
989,1,5.20903337142084,3.02578694534468,0.115492459458173,0.3028,0.3028
989,2,5.20903337142084,2.68311224316174,0.102412773127285,0.2472,0.2472
989,3,5.20903337142084,2.48106954388092,0.0947009253742861,0.3584,0.3584
989,4,5.20903337142084,1.43776032827235,0.0548784430044029,0.5252,0.5252
989,5,5.20903337142084,1.73302391324909,0.0661484756383486,0.4596,0.4596
989,6,5.20903337142084,3.11363117012341,0.118845420440605,0.2116,0.2116
989,7,5.20903337142084,0.87142697778543,0.0332618412071235,0.7048,0.7048
989,8,5.20903337142084,0.790553133623464,0.0301749354411796,0.7452,0.7452
989,9,5.20903337142084,0.424242290180338,0.0161930718798556,0.8624,0.8624
989,10,5.20903337142084,1.98178262561895,0.0756434453841348,0.7964,0.7964
992,1,9.10556834955535,4.88154833530003,0.186325750421773,0.2636,0.2636
992,2,9.10556834955535,2.14875114301274,0.082016532807082,0.4352,0.4352
992,3,9.10556834955535,1.15757896984931,0.0441840898450058,0.5988,0.5988
992,4,9.10556834955535,0.983169926154872,0.0375270020288894,0.7212,0.7212
992,5,9.10556834955535,0.901235461610065,0.034399613023782,0.7652,0.7652
992,6,9.10556834955535,1.35143076494939,0.0515832957345466,0.6108,0.6108
992,7,9.10556834955535,1.60115774207129,0.0611152235608724,0.5488,0.5488
992,8,9.10556834955535,4.47484638363154,0.170802182664664,0.1388,0.1388
992,9,9.10556834955535,3.46811552898809,0.132375874231386,0.2712,0.2712
992,10,9.10556834955535,5.68801354516315,0.217108040198601,0.0544,0.0544
996,1,9.46938096425764,0.354556696918132,0.0135332148905734,1,1
996,2,9.46938096425764,0.757752370742216,0.0289229501409297,0.9148,0.9148
996,3,9.46938096425764,0.423744859729282,0.016174085260097,0.9856,0.9856
996,4,9.46938096425764,1.01214307341158,0.0386328895534785,0.8872,0.8872
996,5,9.46938096425764,2.33165509971118,0.0889978663197518,0.7884,0.7884
996,6,9.46938096425764,0.663347584359727,0.025319576486115,0.9364,0.9364
996,7,9.46938096425764,1.08144693123825,0.041278175931839,0.9232,0.9232
996,8,9.46938096425764,0.66757432454567,0.025480908605125,0.9172,0.9172
996,9,9.46938096425764,1.57858271074194,0.0602535482553509,0.8656,0.8656
996,10,9.46938096425764,0.806181817847942,0.0307714728748403,0.8596,0.8596
